x-axis,1,2
second,Volt,Volt
-105.0000E-06,,
-104.8900E-06,,
-104.7800E-06,-181.9094718E-03,+30.7206014432E+00
-104.6700E-06,-332.6632418E-03,+30.7206014432E+00
-104.5600E-06,-181.9094718E-03,+30.9718577266E+00
-104.4500E-06,-583.9195251E-03,+30.8211039566E+00
-104.3400E-06,-433.1657551E-03,+31.2231140099E+00
-104.2300E-06,-181.9094718E-03,+30.9718577266E+00
-104.1200E-06,-332.6632418E-03,+30.8211039566E+00
-104.0100E-06,-433.1657551E-03,+30.8211039566E+00
-103.9000E-06,-332.6632418E-03,+30.9718577266E+00
-103.7900E-06,-181.9094718E-03,+30.8211039566E+00
-103.6800E-06,-332.6632418E-03,+30.8211039566E+00
-103.5700E-06,-181.9094718E-03,+30.8211039566E+00
-103.4600E-06,-31.1557017E-03,+30.9718577266E+00
-103.3500E-06,-181.9094718E-03,+30.9718577266E+00
-103.2400E-06,-181.9094718E-03,+30.9718577266E+00
-103.1300E-06,-332.6632418E-03,+30.9718577266E+00
-103.0200E-06,-433.1657551E-03,+31.3738677800E+00
-102.9100E-06,-181.9094718E-03,+30.9718577266E+00
-102.8000E-06,-433.1657551E-03,+30.7206014432E+00
-102.6900E-06,-583.9195251E-03,+30.8211039566E+00
-102.5800E-06,-332.6632418E-03,+30.8211039566E+00
-102.4700E-06,-332.6632418E-03,+30.5698476732E+00
-102.3600E-06,-433.1657551E-03,+30.5698476732E+00
-102.2500E-06,-433.1657551E-03,+30.7206014432E+00
-102.1400E-06,-181.9094718E-03,+30.9718577266E+00
-102.0300E-06,-181.9094718E-03,+30.8211039566E+00
-101.9200E-06,-332.6632418E-03,+30.9718577266E+00
-101.8100E-06,-181.9094718E-03,+30.5698476732E+00
-101.7000E-06,-181.9094718E-03,+30.8211039566E+00
-101.5900E-06,-583.9195251E-03,+30.7206014432E+00
-101.4800E-06,-31.1557017E-03,+30.9718577266E+00
-101.3700E-06,-181.9094718E-03,+30.8211039566E+00
-101.2600E-06,-181.9094718E-03,+30.9718577266E+00
-101.1500E-06,-181.9094718E-03,+30.9718577266E+00
-101.0400E-06,-181.9094718E-03,+30.5698476732E+00
-100.9300E-06,-181.9094718E-03,+30.7206014432E+00
-100.8200E-06,-332.6632418E-03,+30.7206014432E+00
-100.7100E-06,-181.9094718E-03,+30.9718577266E+00
-100.6000E-06,-583.9195251E-03,+30.9718577266E+00
-100.4900E-06,-81.4069584E-03,+30.8211039566E+00
-100.3800E-06,-181.9094718E-03,+30.9718577266E+00
-100.2700E-06,-181.9094718E-03,+30.7206014432E+00
-100.1600E-06,-181.9094718E-03,+30.9718577266E+00
-100.0500E-06,+69.3468116E-03,+30.4190939032E+00
-99.9400E-06,-181.9094718E-03,+30.8211039566E+00
-99.8300E-06,-433.1657551E-03,+30.8211039566E+00
-99.7200E-06,-181.9094718E-03,+30.9718577266E+00
-99.6100E-06,-583.9195251E-03,+31.1226114966E+00
-99.5000E-06,-332.6632418E-03,+30.7206014432E+00
-99.3900E-06,-181.9094718E-03,+31.0723602399E+00
-99.2800E-06,-181.9094718E-03,+30.9718577266E+00
-99.1700E-06,-181.9094718E-03,+30.8211039566E+00
-99.0600E-06,-181.9094718E-03,+30.9718577266E+00
-98.9500E-06,-181.9094718E-03,+30.8211039566E+00
-98.8400E-06,+69.3468116E-03,+30.7206014432E+00
-98.7300E-06,-181.9094718E-03,+30.7206014432E+00
-98.6200E-06,-332.6632418E-03,+30.8211039566E+00
-98.5100E-06,-332.6632418E-03,+30.9718577266E+00
-98.4000E-06,-181.9094718E-03,+30.9718577266E+00
-98.2900E-06,-433.1657551E-03,+30.9718577266E+00
-98.1800E-06,-332.6632418E-03,+30.7206014432E+00
-98.0700E-06,-181.9094718E-03,+30.7206014432E+00
-97.9600E-06,-181.9094718E-03,+30.9718577266E+00
-97.8500E-06,-181.9094718E-03,+30.7206014432E+00
-97.7400E-06,-433.1657551E-03,+30.7206014432E+00
-97.6300E-06,-181.9094718E-03,+30.8211039566E+00
-97.5200E-06,-181.9094718E-03,+30.9718577266E+00
-97.4100E-06,-181.9094718E-03,+30.9718577266E+00
-97.3000E-06,-433.1657551E-03,+31.1226114966E+00
-97.1900E-06,-332.6632418E-03,+30.8211039566E+00
-97.0800E-06,-181.9094718E-03,+30.9718577266E+00
-96.9700E-06,-181.9094718E-03,+30.9718577266E+00
-96.8600E-06,-181.9094718E-03,+30.9718577266E+00
-96.7500E-06,-181.9094718E-03,+30.7206014432E+00
-96.6400E-06,-332.6632418E-03,+30.8211039566E+00
-96.5300E-06,-181.9094718E-03,+30.9718577266E+00
-96.4200E-06,-181.9094718E-03,+30.8211039566E+00
-96.3100E-06,-181.9094718E-03,+30.8211039566E+00
-96.2000E-06,+69.3468116E-03,+30.5698476732E+00
-96.0900E-06,-332.6632418E-03,+30.8211039566E+00
-95.9800E-06,-332.6632418E-03,+30.5698476732E+00
-95.8700E-06,-181.9094718E-03,+30.7206014432E+00
-95.7600E-06,-433.1657551E-03,+30.7206014432E+00
-95.6500E-06,-181.9094718E-03,+30.9718577266E+00
-95.5400E-06,-332.6632418E-03,+30.9718577266E+00
-95.4300E-06,-181.9094718E-03,+30.7206014432E+00
-95.3200E-06,-583.9195251E-03,+30.9718577266E+00
-95.2100E-06,-181.9094718E-03,+30.9718577266E+00
-95.1000E-06,-181.9094718E-03,+30.5698476732E+00
-94.9900E-06,-181.9094718E-03,+30.9718577266E+00
-94.8800E-06,-583.9195251E-03,+30.8211039566E+00
-94.7700E-06,-332.6632418E-03,+30.9718577266E+00
-94.6600E-06,-583.9195251E-03,+30.9718577266E+00
-94.5500E-06,-433.1657551E-03,+30.7206014432E+00
-94.4400E-06,-181.9094718E-03,+30.9718577266E+00
-94.3300E-06,-181.9094718E-03,+30.9718577266E+00
-94.2200E-06,-181.9094718E-03,+30.9718577266E+00
-94.1100E-06,-433.1657551E-03,+30.8211039566E+00
-94.0000E-06,-181.9094718E-03,+30.9718577266E+00
-93.8900E-06,-181.9094718E-03,+30.5698476732E+00
-93.7800E-06,-181.9094718E-03,+30.9718577266E+00
-93.6700E-06,-181.9094718E-03,+30.8211039566E+00
-93.5600E-06,-181.9094718E-03,+30.5698476732E+00
-93.4500E-06,-181.9094718E-03,+30.7206014432E+00
-93.3400E-06,-332.6632418E-03,+30.7206014432E+00
-93.2300E-06,-433.1657551E-03,+30.5698476732E+00
-93.1200E-06,-583.9195251E-03,+30.5698476732E+00
-93.0100E-06,-433.1657551E-03,+30.5698476732E+00
-92.9000E-06,-181.9094718E-03,+30.9718577266E+00
-92.7900E-06,-181.9094718E-03,+30.9718577266E+00
-92.6800E-06,-181.9094718E-03,+30.7206014432E+00
-92.5700E-06,-433.1657551E-03,+30.8211039566E+00
-92.4600E-06,-181.9094718E-03,+30.7206014432E+00
-92.3500E-06,-332.6632418E-03,+30.9718577266E+00
-92.2400E-06,-583.9195251E-03,+30.9718577266E+00
-92.1300E-06,-181.9094718E-03,+30.7206014432E+00
-92.0200E-06,-181.9094718E-03,+30.9718577266E+00
-91.9100E-06,-181.9094718E-03,+30.8211039566E+00
-91.8000E-06,-181.9094718E-03,+30.9718577266E+00
-91.6900E-06,-181.9094718E-03,+31.1226114966E+00
-91.5800E-06,-31.1557017E-03,+30.7206014432E+00
-91.4700E-06,-181.9094718E-03,+30.9718577266E+00
-91.3600E-06,-181.9094718E-03,+30.9718577266E+00
-91.2500E-06,-332.6632418E-03,+30.7206014432E+00
-91.1400E-06,-181.9094718E-03,+30.9718577266E+00
-91.0300E-06,-31.1557017E-03,+30.8211039566E+00
-90.9200E-06,+69.3468116E-03,+30.8211039566E+00
-90.8100E-06,-433.1657551E-03,+30.8211039566E+00
-90.7000E-06,-332.6632418E-03,+30.7206014432E+00
-90.5900E-06,-181.9094718E-03,+30.7206014432E+00
-90.4800E-06,-433.1657551E-03,+30.8211039566E+00
-90.3700E-06,-433.1657551E-03,+30.8211039566E+00
-90.2600E-06,-332.6632418E-03,+30.9718577266E+00
-90.1500E-06,-332.6632418E-03,+30.9718577266E+00
-90.0400E-06,-583.9195251E-03,+30.5698476732E+00
-89.9300E-06,+69.3468116E-03,+30.5698476732E+00
-89.8200E-06,-181.9094718E-03,+30.9718577266E+00
-89.7100E-06,-181.9094718E-03,+30.9718577266E+00
-89.6000E-06,-181.9094718E-03,+30.8211039566E+00
-89.4900E-06,-181.9094718E-03,+30.8211039566E+00
-89.3800E-06,-332.6632418E-03,+30.9718577266E+00
-89.2700E-06,-181.9094718E-03,+30.8211039566E+00
-89.1600E-06,-332.6632418E-03,+30.9718577266E+00
-89.0500E-06,-181.9094718E-03,+30.9718577266E+00
-88.9400E-06,-31.1557017E-03,+30.9718577266E+00
-88.8300E-06,-181.9094718E-03,+30.8211039566E+00
-88.7200E-06,-332.6632418E-03,+30.8211039566E+00
-88.6100E-06,-181.9094718E-03,+30.9718577266E+00
-88.5000E-06,-433.1657551E-03,+30.9718577266E+00
-88.3900E-06,-332.6632418E-03,+30.7206014432E+00
-88.2800E-06,-433.1657551E-03,+30.8211039566E+00
-88.1700E-06,-181.9094718E-03,+30.9718577266E+00
-88.0600E-06,-181.9094718E-03,+30.9718577266E+00
-87.9500E-06,-181.9094718E-03,+30.8211039566E+00
-87.8400E-06,-332.6632418E-03,+30.7206014432E+00
-87.7300E-06,-181.9094718E-03,+30.9718577266E+00
-87.6200E-06,-433.1657551E-03,+30.7206014432E+00
-87.5100E-06,-181.9094718E-03,+30.5698476732E+00
-87.4000E-06,-332.6632418E-03,+30.8211039566E+00
-87.2900E-06,-433.1657551E-03,+30.5698476732E+00
-87.1800E-06,-583.9195251E-03,+30.5698476732E+00
-87.0700E-06,-181.9094718E-03,+30.5698476732E+00
-86.9600E-06,-181.9094718E-03,+30.7206014432E+00
-86.8500E-06,-433.1657551E-03,+30.9718577266E+00
-86.7400E-06,-583.9195251E-03,+30.9718577266E+00
-86.6300E-06,-332.6632418E-03,+30.5698476732E+00
-86.5200E-06,-181.9094718E-03,+30.9718577266E+00
-86.4100E-06,-583.9195251E-03,+31.2231140100E+00
-86.3000E-06,-181.9094718E-03,+31.2231140100E+00
-86.1900E-06,-332.6632418E-03,+30.9718577266E+00
-86.0800E-06,-583.9195251E-03,+30.9718577266E+00
-85.9700E-06,-332.6632418E-03,+30.9718577266E+00
-85.8600E-06,-181.9094718E-03,+31.0723602400E+00
-85.7500E-06,-332.6632418E-03,+30.8211039566E+00
-85.6400E-06,-181.9094718E-03,+30.7206014432E+00
-85.5300E-06,-433.1657551E-03,+30.5698476732E+00
-85.4200E-06,-181.9094718E-03,+30.7206014432E+00
-85.3100E-06,-181.9094718E-03,+30.8211039566E+00
-85.2000E-06,-181.9094718E-03,+30.7206014432E+00
-85.0900E-06,-181.9094718E-03,+30.9718577266E+00
-84.9800E-06,-433.1657551E-03,+30.8211039566E+00
-84.8700E-06,-433.1657551E-03,+31.0723602400E+00
-84.7600E-06,-181.9094718E-03,+30.8211039566E+00
-84.6500E-06,-181.9094718E-03,+30.7206014432E+00
-84.5400E-06,-433.1657551E-03,+30.8211039566E+00
-84.4300E-06,-181.9094718E-03,+30.7206014432E+00
-84.3200E-06,-181.9094718E-03,+30.5698476732E+00
-84.2100E-06,-181.9094718E-03,+30.7206014432E+00
-84.1000E-06,-433.1657551E-03,+30.8211039566E+00
-83.9900E-06,-181.9094718E-03,+30.7206014432E+00
-83.8800E-06,-181.9094718E-03,+30.9718577266E+00
-83.7700E-06,-181.9094718E-03,+30.8211039566E+00
-83.6600E-06,-181.9094718E-03,+30.9718577266E+00
-83.5500E-06,-583.9195251E-03,+30.9718577266E+00
-83.4400E-06,-181.9094718E-03,+30.7206014432E+00
-83.3300E-06,-181.9094718E-03,+30.9718577266E+00
-83.2200E-06,-332.6632418E-03,+30.8211039566E+00
-83.1100E-06,-181.9094718E-03,+31.2231140100E+00
-83.0000E-06,-181.9094718E-03,+30.9718577266E+00
-82.8900E-06,-181.9094718E-03,+30.7206014432E+00
-82.7800E-06,-181.9094718E-03,+30.9718577266E+00
-82.6700E-06,-282.4119851E-03,+30.9718577266E+00
-82.5600E-06,-433.1657551E-03,+30.8211039566E+00
-82.4500E-06,-181.9094718E-03,+30.9718577266E+00
-82.3400E-06,-332.6632418E-03,+30.9718577266E+00
-82.2300E-06,-332.6632418E-03,+30.7206014432E+00
-82.1200E-06,-433.1657551E-03,+30.9718577266E+00
-82.0100E-06,-332.6632418E-03,+30.9718577266E+00
-81.9000E-06,-583.9195251E-03,+31.1226114966E+00
-81.7900E-06,-583.9195251E-03,+30.9718577266E+00
-81.6800E-06,-433.1657551E-03,+30.5698476732E+00
-81.5700E-06,-433.1657551E-03,+30.7206014432E+00
-81.4600E-06,-332.6632418E-03,+30.9718577266E+00
-81.3500E-06,-433.1657551E-03,+30.9718577266E+00
-81.2400E-06,-332.6632418E-03,+30.8211039566E+00
-81.1300E-06,-181.9094718E-03,+30.8211039566E+00
-81.0200E-06,-433.1657551E-03,+30.8211039566E+00
-80.9100E-06,-31.1557018E-03,+30.7206014432E+00
-80.8000E-06,-181.9094718E-03,+30.9718577266E+00
-80.6900E-06,-181.9094718E-03,+30.5698476732E+00
-80.5800E-06,-433.1657551E-03,+30.7206014432E+00
-80.4700E-06,-31.1557018E-03,+30.9718577266E+00
-80.3600E-06,-181.9094718E-03,+30.7206014432E+00
-80.2500E-06,-433.1657551E-03,+30.5698476732E+00
-80.1400E-06,-332.6632417E-03,+30.7206014432E+00
-80.0300E-06,-181.9094718E-03,+30.9718577266E+00
-79.9200E-06,-433.1657551E-03,+30.8211039566E+00
-79.8100E-06,-181.9094718E-03,+30.9718577266E+00
-79.7000E-06,-433.1657551E-03,+30.9718577266E+00
-79.5900E-06,-332.6632417E-03,+30.5698476732E+00
-79.4800E-06,-181.9094718E-03,+30.7206014432E+00
-79.3700E-06,-332.6632417E-03,+30.8211039566E+00
-79.2600E-06,-181.9094718E-03,+30.5698476732E+00
-79.1500E-06,-181.9094718E-03,+30.8211039566E+00
-79.0400E-06,-181.9094718E-03,+30.7206014432E+00
-78.9300E-06,-31.1557018E-03,+30.5698476732E+00
-78.8200E-06,-181.9094718E-03,+30.7206014432E+00
-78.7100E-06,-332.6632417E-03,+31.2231140100E+00
-78.6000E-06,-433.1657551E-03,+30.7206014432E+00
-78.4900E-06,-181.9094718E-03,+31.1226114966E+00
-78.3800E-06,-332.6632417E-03,+30.9718577266E+00
-78.2700E-06,-332.6632417E-03,+30.9718577266E+00
-78.1600E-06,-433.1657551E-03,+30.9718577266E+00
-78.0500E-06,-181.9094718E-03,+30.5698476732E+00
-77.9400E-06,-282.4119852E-03,+30.8211039566E+00
-77.8300E-06,-181.9094718E-03,+30.5698476732E+00
-77.7200E-06,-181.9094718E-03,+30.7206014432E+00
-77.6100E-06,-181.9094718E-03,+30.7206014432E+00
-77.5000E-06,-332.6632417E-03,+30.9718577266E+00
-77.3900E-06,-332.6632417E-03,+30.7206014432E+00
-77.2800E-06,-181.9094718E-03,+30.9718577266E+00
-77.1700E-06,-332.6632417E-03,+30.9718577266E+00
-77.0600E-06,-332.6632417E-03,+30.9718577266E+00
-76.9500E-06,-433.1657552E-03,+30.9718577266E+00
-76.8400E-06,-181.9094718E-03,+30.9718577266E+00
-76.7300E-06,-433.1657552E-03,+30.8211039566E+00
-76.6200E-06,-332.6632417E-03,+30.7206014432E+00
-76.5100E-06,-181.9094718E-03,+30.5698476732E+00
-76.4000E-06,-332.6632417E-03,+30.9718577266E+00
-76.2900E-06,-181.9094718E-03,+30.9718577266E+00
-76.1800E-06,-181.9094718E-03,+30.8211039566E+00
-76.0700E-06,-181.9094718E-03,+30.9718577266E+00
-75.9600E-06,-433.1657552E-03,+30.7206014432E+00
-75.8500E-06,-181.9094718E-03,+30.9718577266E+00
-75.7400E-06,-181.9094718E-03,+30.9718577266E+00
-75.6300E-06,-332.6632417E-03,+30.8211039566E+00
-75.5200E-06,-433.1657552E-03,+30.8211039566E+00
-75.4100E-06,-433.1657552E-03,+30.7206014432E+00
-75.3000E-06,-332.6632417E-03,+30.9718577266E+00
-75.1900E-06,-181.9094718E-03,+30.7206014432E+00
-75.0800E-06,-181.9094718E-03,+30.5698476732E+00
-74.9700E-06,-433.1657552E-03,+30.8211039566E+00
-74.8600E-06,-433.1657552E-03,+30.9718577266E+00
-74.7500E-06,-332.6632417E-03,+30.8211039566E+00
-74.6400E-06,-433.1657552E-03,+30.8211039566E+00
-74.5300E-06,-181.9094718E-03,+30.9718577266E+00
-74.4200E-06,-181.9094718E-03,+30.7206014432E+00
-74.3100E-06,-181.9094718E-03,+30.9718577266E+00
-74.2000E-06,-433.1657552E-03,+30.9718577266E+00
-74.0900E-06,-181.9094718E-03,+30.9718577266E+00
-73.9800E-06,-181.9094718E-03,+30.7206014432E+00
-73.8700E-06,-181.9094718E-03,+30.7206014432E+00
-73.7600E-06,-181.9094718E-03,+30.7206014432E+00
-73.6500E-06,-181.9094718E-03,+30.9718577266E+00
-73.5400E-06,-332.6632417E-03,+30.9718577266E+00
-73.4300E-06,-181.9094718E-03,+30.8211039566E+00
-73.3200E-06,-332.6632417E-03,+30.9718577266E+00
-73.2100E-06,-583.9195251E-03,+30.9718577266E+00
-73.1000E-06,-181.9094718E-03,+30.5698476732E+00
-72.9900E-06,-332.6632417E-03,+30.9718577266E+00
-72.8800E-06,-181.9094718E-03,+30.9718577266E+00
-72.7700E-06,-181.9094718E-03,+30.8211039566E+00
-72.6600E-06,-181.9094718E-03,+30.7206014432E+00
-72.5500E-06,-181.9094718E-03,+30.7206014432E+00
-72.4400E-06,-181.9094718E-03,+30.8211039566E+00
-72.3300E-06,-181.9094718E-03,+30.9718577266E+00
-72.2200E-06,-181.9094718E-03,+30.9718577266E+00
-72.1100E-06,-181.9094718E-03,+30.9718577266E+00
-72.0000E-06,-583.9195251E-03,+30.5698476732E+00
-71.8900E-06,-583.9195251E-03,+30.9718577266E+00
-71.7800E-06,-181.9094718E-03,+30.9718577266E+00
-71.6700E-06,-181.9094718E-03,+30.7206014432E+00
-71.5600E-06,-181.9094718E-03,+30.9718577266E+00
-71.4500E-06,-181.9094718E-03,+30.8211039566E+00
-71.3400E-06,-181.9094718E-03,+31.2231140100E+00
-71.2300E-06,-332.6632417E-03,+30.9718577266E+00
-71.1200E-06,-181.9094718E-03,+30.9718577266E+00
-71.0100E-06,-31.1557018E-03,+30.5698476732E+00
-70.9000E-06,-181.9094718E-03,+30.5698476732E+00
-70.7900E-06,-433.1657552E-03,+30.9718577266E+00
-70.6800E-06,-181.9094718E-03,+30.4693451598E+00
-70.5700E-06,-332.6632417E-03,+30.8211039566E+00
-70.4600E-06,-433.1657552E-03,+30.9718577266E+00
-70.3500E-06,-332.6632417E-03,+30.9718577266E+00
-70.2400E-06,-181.9094718E-03,+30.5698476732E+00
-70.1300E-06,-332.6632417E-03,+30.9718577266E+00
-70.0200E-06,-31.1557018E-03,+31.2231140100E+00
-69.9100E-06,-181.9094718E-03,+30.7206014432E+00
-69.8000E-06,-332.6632417E-03,+30.5698476732E+00
-69.6900E-06,-181.9094718E-03,+30.9718577266E+00
-69.5800E-06,-583.9195251E-03,+30.7206014432E+00
-69.4700E-06,-332.6632417E-03,+31.1226114966E+00
-69.3600E-06,-181.9094718E-03,+30.5698476732E+00
-69.2500E-06,-181.9094718E-03,+30.8211039566E+00
-69.1400E-06,-181.9094718E-03,+30.9718577266E+00
-69.0300E-06,-181.9094718E-03,+30.5698476732E+00
-68.9200E-06,-181.9094718E-03,+30.7206014432E+00
-68.8100E-06,-181.9094718E-03,+30.9718577266E+00
-68.7000E-06,-181.9094718E-03,+30.7206014432E+00
-68.5900E-06,-433.1657552E-03,+30.9718577266E+00
-68.4800E-06,-181.9094718E-03,+30.8211039566E+00
-68.3700E-06,-332.6632417E-03,+30.9718577266E+00
-68.2600E-06,-583.9195251E-03,+30.7206014432E+00
-68.1500E-06,-332.6632417E-03,+30.8211039566E+00
-68.0400E-06,-181.9094718E-03,+30.9718577266E+00
-67.9300E-06,-583.9195251E-03,+30.9718577266E+00
-67.8200E-06,-332.6632417E-03,+30.9718577266E+00
-67.7100E-06,-433.1657552E-03,+30.7206014432E+00
-67.6000E-06,-181.9094718E-03,+30.7206014432E+00
-67.4900E-06,-332.6632417E-03,+30.5698476732E+00
-67.3800E-06,-181.9094718E-03,+30.9718577266E+00
-67.2700E-06,-181.9094718E-03,+31.0723602400E+00
-67.1600E-06,-181.9094718E-03,+30.9718577266E+00
-67.0500E-06,-181.9094718E-03,+30.9718577266E+00
-66.9400E-06,+69.3468117E-03,+30.9718577266E+00
-66.8300E-06,-181.9094718E-03,+30.8211039566E+00
-66.7200E-06,-31.1557018E-03,+30.8211039566E+00
-66.6100E-06,-181.9094718E-03,+30.8211039566E+00
-66.5000E-06,-181.9094718E-03,+30.7206014432E+00
-66.3900E-06,-181.9094718E-03,+30.8211039566E+00
-66.2800E-06,-332.6632417E-03,+30.8211039566E+00
-66.1700E-06,-181.9094718E-03,+30.7206014432E+00
-66.0600E-06,-181.9094718E-03,+30.9718577266E+00
-65.9500E-06,-181.9094718E-03,+30.8211039566E+00
-65.8400E-06,-31.1557018E-03,+30.9718577266E+00
-65.7300E-06,-31.1557018E-03,+30.7206014432E+00
-65.6200E-06,-433.1657552E-03,+30.8211039566E+00
-65.5100E-06,-181.9094718E-03,+30.7206014432E+00
-65.4000E-06,-433.1657552E-03,+30.7206014432E+00
-65.2900E-06,-332.6632417E-03,+31.1226114966E+00
-65.1800E-06,-181.9094718E-03,+30.9718577266E+00
-65.0700E-06,-433.1657552E-03,+30.9718577266E+00
-64.9600E-06,-31.1557018E-03,+30.9718577266E+00
-64.8500E-06,-181.9094718E-03,+30.9718577266E+00
-64.7400E-06,-181.9094718E-03,+30.7206014432E+00
-64.6300E-06,-181.9094718E-03,+30.7206014432E+00
-64.5200E-06,-332.6632417E-03,+30.8211039566E+00
-64.4100E-06,+69.3468117E-03,+30.7206014432E+00
-64.3000E-06,-181.9094718E-03,+30.8211039566E+00
-64.1900E-06,-181.9094718E-03,+30.5698476732E+00
-64.0800E-06,-332.6632417E-03,+30.7206014432E+00
-63.9700E-06,-181.9094718E-03,+30.7206014432E+00
-63.8600E-06,-433.1657552E-03,+30.7206014432E+00
-63.7500E-06,-433.1657552E-03,+30.8211039566E+00
-63.6400E-06,-433.1657552E-03,+30.8211039566E+00
-63.5300E-06,-181.9094718E-03,+30.9718577266E+00
-63.4200E-06,-181.9094718E-03,+30.9718577266E+00
-63.3100E-06,-181.9094718E-03,+30.8211039566E+00
-63.2000E-06,-583.9195251E-03,+30.9718577266E+00
-63.0900E-06,-181.9094718E-03,+30.9718577266E+00
-62.9800E-06,-332.6632417E-03,+30.5698476732E+00
-62.8700E-06,-332.6632417E-03,+30.7206014432E+00
-62.7600E-06,-433.1657552E-03,+30.5698476732E+00
-62.6500E-06,-181.9094718E-03,+30.9718577266E+00
-62.5400E-06,-433.1657552E-03,+31.0723602400E+00
-62.4300E-06,-181.9094718E-03,+30.9718577266E+00
-62.3200E-06,-181.9094718E-03,+30.7206014432E+00
-62.2100E-06,-433.1657552E-03,+30.9718577266E+00
-62.1000E-06,-181.9094718E-03,+30.7206014432E+00
-61.9900E-06,-583.9195251E-03,+30.9718577266E+00
-61.8800E-06,-181.9094718E-03,+30.8211039566E+00
-61.7700E-06,-583.9195251E-03,+30.9718577266E+00
-61.6600E-06,-181.9094718E-03,+30.9718577266E+00
-61.5500E-06,-181.9094718E-03,+30.7206014432E+00
-61.4400E-06,-181.9094718E-03,+30.8211039566E+00
-61.3300E-06,-181.9094718E-03,+30.8211039566E+00
-61.2200E-06,-181.9094718E-03,+30.9718577266E+00
-61.1100E-06,-181.9094718E-03,+30.8211039566E+00
-61.0000E-06,-332.6632417E-03,+30.8211039566E+00
-60.8900E-06,-332.6632417E-03,+30.7206014432E+00
-60.7800E-06,-332.6632417E-03,+30.7206014432E+00
-60.6700E-06,-332.6632417E-03,+30.9718577266E+00
-60.5600E-06,-181.9094718E-03,+30.9718577266E+00
-60.4500E-06,-181.9094718E-03,+30.7206014432E+00
-60.3400E-06,-181.9094718E-03,+30.8211039566E+00
-60.2300E-06,-433.1657552E-03,+30.8211039566E+00
-60.1200E-06,-433.1657552E-03,+30.8211039566E+00
-60.0100E-06,-181.9094718E-03,+30.9718577266E+00
-59.9000E-06,-332.6632417E-03,+30.8211039566E+00
-59.7900E-06,-181.9094718E-03,+30.9718577266E+00
-59.6800E-06,-181.9094718E-03,+30.9718577266E+00
-59.5700E-06,-332.6632417E-03,+30.9718577266E+00
-59.4600E-06,-433.1657552E-03,+30.5698476732E+00
-59.3500E-06,-181.9094718E-03,+30.9718577266E+00
-59.2400E-06,-181.9094718E-03,+30.9718577266E+00
-59.1300E-06,-31.1557018E-03,+30.5698476732E+00
-59.0200E-06,+69.3468117E-03,+30.8211039566E+00
-58.9100E-06,-181.9094718E-03,+30.8211039566E+00
-58.8000E-06,-433.1657552E-03,+30.9718577266E+00
-58.6900E-06,-433.1657552E-03,+31.2231140100E+00
-58.5800E-06,-583.9195251E-03,+30.9718577266E+00
-58.4700E-06,-181.9094718E-03,+30.8211039566E+00
-58.3600E-06,-332.6632417E-03,+30.7206014432E+00
-58.2500E-06,-181.9094718E-03,+30.7206014432E+00
-58.1400E-06,-583.9195251E-03,+30.5698476732E+00
-58.0300E-06,-181.9094718E-03,+30.5698476732E+00
-57.9200E-06,-282.4119852E-03,+30.5698476732E+00
-57.8100E-06,-332.6632417E-03,+30.5698476732E+00
-57.7000E-06,-181.9094718E-03,+30.8211039566E+00
-57.5900E-06,-332.6632417E-03,+30.5698476732E+00
-57.4800E-06,-181.9094718E-03,+30.7206014432E+00
-57.3700E-06,-181.9094718E-03,+30.5698476732E+00
-57.2600E-06,-181.9094718E-03,+30.5698476732E+00
-57.1500E-06,+69.3468117E-03,+30.9718577266E+00
-57.0400E-06,-181.9094718E-03,+30.8211039566E+00
-56.9300E-06,-181.9094718E-03,+30.8211039566E+00
-56.8200E-06,-332.6632417E-03,+30.9718577266E+00
-56.7100E-06,-181.9094718E-03,+30.7206014432E+00
-56.6000E-06,-332.6632417E-03,+30.9718577266E+00
-56.4900E-06,-181.9094718E-03,+30.9718577266E+00
-56.3800E-06,-181.9094718E-03,+30.9718577266E+00
-56.2700E-06,-181.9094718E-03,+30.7206014432E+00
-56.1600E-06,-332.6632417E-03,+30.8211039566E+00
-56.0500E-06,-583.9195251E-03,+30.7206014432E+00
-55.9400E-06,-31.1557018E-03,+30.8211039566E+00
-55.8300E-06,-181.9094718E-03,+30.9718577266E+00
-55.7200E-06,-181.9094718E-03,+30.9718577266E+00
-55.6100E-06,-181.9094718E-03,+30.7206014432E+00
-55.5000E-06,-181.9094718E-03,+30.9718577266E+00
-55.3900E-06,-332.6632417E-03,+30.8211039566E+00
-55.2800E-06,-332.6632417E-03,+30.9718577266E+00
-55.1700E-06,-332.6632417E-03,+30.5698476732E+00
-55.0600E-06,-583.9195251E-03,+30.7206014432E+00
-54.9500E-06,-433.1657552E-03,+30.8211039566E+00
-54.8400E-06,-181.9094718E-03,+30.9718577266E+00
-54.7300E-06,-332.6632417E-03,+30.7206014432E+00
-54.6200E-06,-433.1657552E-03,+30.8211039566E+00
-54.5100E-06,-181.9094718E-03,+30.8211039566E+00
-54.4000E-06,-181.9094718E-03,+30.8211039566E+00
-54.2900E-06,-181.9094718E-03,+30.7206014432E+00
-54.1800E-06,-181.9094718E-03,+30.7206014432E+00
-54.0700E-06,-583.9195251E-03,+30.9718577266E+00
-53.9600E-06,-181.9094718E-03,+30.8211039566E+00
-53.8500E-06,-81.4069583E-03,+30.9718577266E+00
-53.7400E-06,-181.9094718E-03,+30.9718577266E+00
-53.6300E-06,-332.6632417E-03,+31.1226114965E+00
-53.5200E-06,-181.9094718E-03,+30.9718577266E+00
-53.4100E-06,-433.1657552E-03,+30.7206014431E+00
-53.3000E-06,-433.1657552E-03,+30.8211039566E+00
-53.1900E-06,-181.9094718E-03,+30.8211039566E+00
-53.0800E-06,-181.9094718E-03,+30.9718577266E+00
-52.9700E-06,-181.9094718E-03,+30.9718577266E+00
-52.8600E-06,-433.1657552E-03,+30.7206014431E+00
-52.7500E-06,-433.1657552E-03,+30.9718577266E+00
-52.6400E-06,-181.9094718E-03,+30.9718577266E+00
-52.5300E-06,-332.6632417E-03,+30.5698476732E+00
-52.4200E-06,-433.1657552E-03,+30.5698476732E+00
-52.3100E-06,-181.9094718E-03,+30.9718577266E+00
-52.2000E-06,-181.9094718E-03,+30.7206014431E+00
-52.0900E-06,-583.9195251E-03,+30.7206014431E+00
-51.9800E-06,-332.6632417E-03,+30.9718577266E+00
-51.8700E-06,-332.6632417E-03,+30.9718577266E+00
-51.7600E-06,-332.6632417E-03,+30.9718577266E+00
-51.6500E-06,-332.6632417E-03,+30.5698476732E+00
-51.5400E-06,-181.9094718E-03,+30.9718577266E+00
-51.4300E-06,-181.9094718E-03,+30.7206014431E+00
-51.3200E-06,-181.9094718E-03,+30.5698476732E+00
-51.2100E-06,-583.9195251E-03,+30.9718577266E+00
-51.1000E-06,-433.1657552E-03,+30.5698476732E+00
-50.9900E-06,-181.9094718E-03,+30.9718577266E+00
-50.8800E-06,-181.9094718E-03,+30.9718577266E+00
-50.7700E-06,-332.6632417E-03,+31.2231140100E+00
-50.6600E-06,-181.9094718E-03,+30.9718577266E+00
-50.5500E-06,-181.9094718E-03,+30.7206014431E+00
-50.4400E-06,-433.1657552E-03,+30.9718577266E+00
-50.3300E-06,-31.1557018E-03,+31.2231140100E+00
-50.2200E-06,-332.6632417E-03,+30.9718577266E+00
-50.1100E-06,-181.9094718E-03,+30.9718577266E+00
-50.0000E-06,-181.9094718E-03,+30.9718577266E+00
-49.8900E-06,-181.9094718E-03,+30.9718577266E+00
-49.7800E-06,-181.9094718E-03,+30.7206014431E+00
-49.6700E-06,-433.1657552E-03,+30.9718577266E+00
-49.5600E-06,-433.1657552E-03,+30.5698476732E+00
-49.4500E-06,-433.1657552E-03,+30.8211039566E+00
-49.3400E-06,-181.9094718E-03,+30.8211039566E+00
-49.2300E-06,+69.3468117E-03,+30.9718577266E+00
-49.1200E-06,-433.1657552E-03,+30.9718577266E+00
-49.0100E-06,-181.9094718E-03,+30.8211039566E+00
-48.9000E-06,-181.9094718E-03,+30.9718577266E+00
-48.7900E-06,-181.9094718E-03,+30.8211039566E+00
-48.6800E-06,-433.1657552E-03,+30.7206014431E+00
-48.5700E-06,-332.6632417E-03,+30.8211039566E+00
-48.4600E-06,-332.6632417E-03,+30.5698476732E+00
-48.3500E-06,-181.9094718E-03,+30.9718577266E+00
-48.2400E-06,-181.9094718E-03,+30.8211039566E+00
-48.1300E-06,-181.9094718E-03,+31.2231140100E+00
-48.0200E-06,-433.1657552E-03,+30.9718577266E+00
-47.9100E-06,-181.9094718E-03,+30.9718577266E+00
-47.8000E-06,-181.9094718E-03,+30.9718577266E+00
-47.6900E-06,-181.9094718E-03,+30.9718577266E+00
-47.5800E-06,-181.9094718E-03,+30.9718577266E+00
-47.4700E-06,-433.1657552E-03,+30.9718577266E+00
-47.3600E-06,-332.6632417E-03,+30.7206014431E+00
-47.2500E-06,-433.1657552E-03,+30.8211039566E+00
-47.1400E-06,-433.1657552E-03,+30.7206014431E+00
-47.0300E-06,-433.1657552E-03,+31.1226114965E+00
-46.9200E-06,-433.1657552E-03,+30.5698476732E+00
-46.8100E-06,-181.9094718E-03,+30.9718577266E+00
-46.7000E-06,-433.1657552E-03,+30.9718577266E+00
-46.5900E-06,-181.9094718E-03,+30.5698476732E+00
-46.4800E-06,-181.9094718E-03,+30.8211039566E+00
-46.3700E-06,-181.9094718E-03,+30.5698476732E+00
-46.2600E-06,-181.9094718E-03,+30.7206014431E+00
-46.1500E-06,-181.9094718E-03,+30.7206014431E+00
-46.0400E-06,-181.9094718E-03,+30.5698476732E+00
-45.9300E-06,-433.1657552E-03,+30.7206014431E+00
-45.8200E-06,-433.1657552E-03,+30.5698476732E+00
-45.7100E-06,-181.9094718E-03,+30.8211039566E+00
-45.6000E-06,-433.1657552E-03,+30.7206014431E+00
-45.4900E-06,-181.9094718E-03,+30.8211039566E+00
-45.3800E-06,-433.1657552E-03,+30.5698476732E+00
-45.2700E-06,-181.9094718E-03,+30.8211039566E+00
-45.1600E-06,-332.6632417E-03,+30.5698476732E+00
-45.0500E-06,-181.9094718E-03,+31.2231140100E+00
-44.9400E-06,-181.9094718E-03,+30.9718577266E+00
-44.8300E-06,-181.9094718E-03,+30.9718577266E+00
-44.7200E-06,-181.9094718E-03,+30.9718577266E+00
-44.6100E-06,-181.9094718E-03,+30.7206014431E+00
-44.5000E-06,-433.1657552E-03,+30.7206014431E+00
-44.3900E-06,-81.4069583E-03,+30.9718577266E+00
-44.2800E-06,-181.9094718E-03,+31.0723602400E+00
-44.1700E-06,-181.9094718E-03,+30.9718577266E+00
-44.0600E-06,-332.6632417E-03,+30.7206014431E+00
-43.9500E-06,-433.1657552E-03,+30.9718577266E+00
-43.8400E-06,-181.9094718E-03,+31.1226114965E+00
-43.7300E-06,-583.9195251E-03,+31.3738677800E+00
-43.6200E-06,-181.9094718E-03,+30.9718577266E+00
-43.5100E-06,-433.1657552E-03,+30.7206014431E+00
-43.4000E-06,-181.9094718E-03,+30.9718577266E+00
-43.2900E-06,-181.9094718E-03,+30.8211039566E+00
-43.1800E-06,-31.1557018E-03,+31.2231140100E+00
-43.0700E-06,-181.9094718E-03,+30.5698476732E+00
-42.9600E-06,-181.9094718E-03,+30.8211039566E+00
-42.8500E-06,-583.9195251E-03,+30.9718577266E+00
-42.7400E-06,-181.9094718E-03,+30.9718577266E+00
-42.6300E-06,-181.9094718E-03,+30.5698476732E+00
-42.5200E-06,+69.3468117E-03,+24.7909531562E+00
-42.4100E-06,-433.1657552E-03,+1.6753750856E+00
-42.3000E-06,-181.9094718E-03,+1.0723600053E+00
-42.1900E-06,-332.6632417E-03,+1.2231137753E+00
-42.0800E-06,-181.9094718E-03,+1.2231137753E+00
-41.9700E-06,-181.9094718E-03,+1.2231137753E+00
-41.8600E-06,-332.6632417E-03,+1.2231137753E+00
-41.7500E-06,-181.9094718E-03,+1.0723600053E+00
-41.6400E-06,-433.1657552E-03,+821.1037219E-03
-41.5300E-06,-181.9094718E-03,+1.0723600053E+00
-41.4200E-06,-181.9094718E-03,+1.0723600053E+00
-41.3100E-06,-433.1657552E-03,+1.2231137753E+00
-41.2000E-06,-583.9195251E-03,+1.0723600053E+00
-41.0900E-06,-31.1557018E-03,+22.2281390648E+00
-40.9800E-06,-583.9195251E-03,+32.5798979402E+00
-40.8700E-06,-433.1657552E-03,+32.7306517101E+00
-40.7600E-06,-181.9094718E-03,+32.5798979402E+00
-40.6500E-06,-181.9094718E-03,+32.8311542236E+00
-40.5400E-06,-583.9195251E-03,+32.7306517101E+00
-40.4300E-06,-332.6632417E-03,+32.1778878868E+00
-40.3200E-06,-433.1657552E-03,+31.3738677800E+00
-40.2100E-06,-181.9094718E-03,+31.3738677800E+00
-40.1000E-06,-433.1657552E-03,+31.2231140100E+00
-39.9900E-06,-583.9195251E-03,+30.9718577266E+00
-39.8800E-06,-583.9195251E-03,+30.9718577266E+00
-39.7700E-06,-332.6632417E-03,+30.9718577266E+00
-39.6600E-06,-433.1657552E-03,+30.9718577266E+00
-39.5500E-06,-433.1657552E-03,+30.9718577266E+00
-39.4400E-06,-181.9094718E-03,+30.9718577266E+00
-39.3300E-06,-583.9195251E-03,+30.9718577266E+00
-39.2200E-06,-583.9195251E-03,+30.8211039566E+00
-39.1100E-06,-583.9195251E-03,+30.7206014431E+00
-39.0000E-06,-583.9195251E-03,+30.5698476732E+00
-38.8900E-06,+13.7879398836E+00,+18.7608023547E+00
-38.7800E-06,+33.5869350135E+00,+1.2231137753E+00
-38.6700E-06,+32.6321611368E+00,+1.2231137753E+00
-38.5600E-06,+32.9336686767E+00,+1.2231137753E+00
-38.4500E-06,+32.7829149067E+00,+1.2231137753E+00
-38.3400E-06,+32.7829149067E+00,+821.1037219E-03
-38.2300E-06,+18.9638193213E+00,+14.2381892539E+00
-38.1200E-06,-985.9295785E-03,+32.9819079936E+00
-38.0100E-06,-583.9195251E-03,+32.8311542236E+00
-37.9000E-06,-433.1657552E-03,+32.7306517101E+00
-37.7900E-06,-433.1657552E-03,+32.5798979402E+00
-37.6800E-06,-181.9094718E-03,+32.8311542236E+00
-37.5700E-06,+12.8331660069E+00,+19.8160787450E+00
-37.4600E-06,+33.5869350135E+00,+1.2231137753E+00
-37.3500E-06,+32.7829149067E+00,+1.2231137753E+00
-37.2400E-06,+32.9336686767E+00,+1.2231137753E+00
-37.1300E-06,+32.7829149067E+00,+1.2231137753E+00
-37.0200E-06,+32.7829149067E+00,+1.0723600053E+00
-36.9100E-06,+21.0241208453E+00,+11.2733651096E+00
-36.8000E-06,-985.9295785E-03,+33.2331642770E+00
-36.6900E-06,-583.9195251E-03,+32.5798979402E+00
-36.5800E-06,-583.9195251E-03,+32.5798979402E+00
-36.4700E-06,-583.9195251E-03,+32.9819079936E+00
-36.3600E-06,-433.1657552E-03,+32.8311542236E+00
-36.2500E-06,+8.8633167288E+00,+23.1326616862E+00
-36.1400E-06,+33.5869350135E+00,+821.1037219E-03
-36.0300E-06,+32.7829149067E+00,+971.8574918E-03
-35.9200E-06,+32.7829149067E+00,+1.2231137753E+00
-35.8100E-06,+32.5316586233E+00,+971.8574918E-03
-35.7000E-06,+32.7829149067E+00,+1.2231137753E+00
-35.5900E-06,+25.3457289192E+00,+8.2080384529E+00
-35.4800E-06,-734.6732951E-03,+32.6301491966E+00
-35.3700E-06,-583.9195251E-03,+32.5798979402E+00
-35.2600E-06,-433.1657552E-03,+32.5798979402E+00
-35.1500E-06,-583.9195251E-03,+32.5798979402E+00
-35.0400E-06,-332.6632417E-03,+32.4291441702E+00
-34.9300E-06,+5.6472363022E+00,+26.3487421128E+00
-34.8200E-06,+29.5165832220E+00,+4.2381891766E+00
-34.7100E-06,+33.0341711902E+00,+1.2231137753E+00
-34.6000E-06,+32.7829149067E+00,+1.2231137753E+00
-34.4900E-06,+32.7829149067E+00,+1.2231137753E+00
-34.3800E-06,+32.9336686767E+00,+971.8574918E-03
-34.2700E-06,+32.6321611368E+00,+1.2231137753E+00
-34.1600E-06,+32.7829149067E+00,+1.2231137753E+00
-34.0500E-06,+32.7829149067E+00,+971.8574918E-03
-33.9400E-06,+32.7829149067E+00,+1.2231137753E+00
-33.8300E-06,+32.7829149067E+00,+1.2231137753E+00
-33.7200E-06,+32.9336686767E+00,+821.1037219E-03
-33.6100E-06,+32.5316586233E+00,+1.2231137753E+00
-33.5000E-06,+33.0341711902E+00,+1.0723600053E+00
-33.3900E-06,+32.7829149067E+00,+1.2231137753E+00
-33.2800E-06,+32.7829149067E+00,+971.8574918E-03
-33.1700E-06,+32.7829149067E+00,+1.2231137753E+00
-33.0600E-06,+33.1849249601E+00,+1.4743700587E+00
-32.9500E-06,+31.8783922870E+00,+2.1276363950E+00
-32.8400E-06,+5.5467337893E+00,+26.2984908558E+00
-32.7300E-06,-583.9195251E-03,+32.7306517101E+00
-32.6200E-06,-583.9195251E-03,+32.5798979402E+00
-32.5100E-06,-332.6632417E-03,+32.7306517101E+00
-32.4000E-06,-583.9195251E-03,+32.5798979402E+00
-32.2900E-06,-282.4119852E-03,+32.2783904003E+00
-32.1800E-06,+25.1447238916E+00,+8.7105510204E+00
-32.0700E-06,+32.7829149067E+00,+1.3236162887E+00
-31.9600E-06,+32.7829149067E+00,+1.1226112618E+00
-31.8500E-06,+33.1849249601E+00,+1.2231137753E+00
-31.7400E-06,+32.5316586233E+00,+1.0723600053E+00
-31.6300E-06,+32.7829149067E+00,+1.0723600053E+00
-31.5200E-06,+32.7829149067E+00,+1.2231137753E+00
-31.4100E-06,+32.7829149067E+00,+1.2231137753E+00
-31.3000E-06,+32.7829149067E+00,+971.8574918E-03
-31.1900E-06,+32.7829149067E+00,+1.2231137753E+00
-31.0800E-06,+32.5316586233E+00,+1.2231137753E+00
-30.9700E-06,+32.5316586233E+00,+1.2231137753E+00
-30.8600E-06,+10.5216082006E+00,+21.5748727279E+00
-30.7500E-06,-583.9195251E-03,+32.7306517101E+00
-30.6400E-06,-332.6632417E-03,+32.6804004537E+00
-30.5300E-06,-583.9195251E-03,+32.8311542236E+00
-30.4200E-06,-332.6632417E-03,+32.8311542236E+00
-30.3100E-06,-181.9094718E-03,+32.5798979402E+00
-30.2000E-06,-433.1657552E-03,+32.8311542236E+00
-30.0900E-06,-433.1657552E-03,+32.5798979402E+00
-29.9800E-06,-433.1657552E-03,+32.7306517101E+00
-29.8700E-06,-583.9195251E-03,+32.8311542236E+00
-29.7600E-06,-181.9094718E-03,+32.8311542236E+00
-29.6500E-06,-181.9094718E-03,+32.9819079936E+00
-29.5400E-06,-181.9094718E-03,+32.9819079936E+00
-29.4300E-06,-181.9094718E-03,+32.5798979402E+00
-29.3200E-06,-181.9094718E-03,+32.5798979402E+00
-29.2100E-06,-332.6632417E-03,+32.9819079936E+00
-29.1000E-06,-181.9094718E-03,+32.7306517101E+00
-28.9900E-06,-181.9094718E-03,+32.4291441702E+00
-28.8800E-06,+18.3105529839E+00,+14.8914555913E+00
-28.7700E-06,+33.5869350135E+00,+1.2231137753E+00
-28.6600E-06,+33.1849249601E+00,+1.0723600053E+00
-28.5500E-06,+32.7829149067E+00,+1.0723600053E+00
-28.4400E-06,+32.9336686767E+00,+1.2231137753E+00
-28.3300E-06,+33.1849249601E+00,+971.8574918E-03
-28.2200E-06,+32.7829149067E+00,+971.8574918E-03
-28.1100E-06,+32.7829149067E+00,+1.2231137753E+00
-28.0000E-06,+32.6321611368E+00,+1.2231137753E+00
-27.8900E-06,+32.3809048533E+00,+1.2231137753E+00
-27.7800E-06,+32.5316586233E+00,+1.4743700587E+00
-27.6700E-06,+32.6321611368E+00,+1.2231137753E+00
-27.5600E-06,+32.5316586233E+00,+1.2231137753E+00
-27.4500E-06,+32.6321611368E+00,+1.2231137753E+00
-27.3400E-06,+32.7829149067E+00,+1.2231137753E+00
-27.2300E-06,+32.5316586233E+00,+1.2231137753E+00
-27.1200E-06,+32.7829149067E+00,+1.0723600053E+00
-27.0100E-06,+32.7829149067E+00,+1.0723600053E+00
-26.9000E-06,+19.3658293747E+00,+13.5849229170E+00
-26.7900E-06,-1.2371858620E+00,+32.8311542236E+00
-26.6800E-06,-583.9195251E-03,+32.9819079936E+00
-26.5700E-06,-433.1657552E-03,+32.8311542236E+00
-26.4600E-06,-332.6632417E-03,+32.8311542236E+00
-26.3500E-06,-583.9195251E-03,+32.5798979402E+00
-26.2400E-06,+11.4261308197E+00,+20.9718576487E+00
-26.1300E-06,+33.5869350135E+00,+971.8574918E-03
-26.0200E-06,+32.7829149067E+00,+1.2231137753E+00
-25.9100E-06,+32.8834174202E+00,+1.2231137753E+00
-25.8000E-06,+32.7829149067E+00,+1.2231137753E+00
-25.6900E-06,+32.7829149067E+00,+1.0723600053E+00
-25.5800E-06,+23.5366836792E+00,+9.1125610726E+00
-25.4700E-06,-1.3879396319E+00,+33.2331642770E+00
-25.3600E-06,-181.9094718E-03,+32.7306517101E+00
-25.2500E-06,-583.9195251E-03,+32.5798979402E+00
-25.1400E-06,-433.1657552E-03,+32.5798979402E+00
-25.0300E-06,-181.9094718E-03,+32.5798979402E+00
-24.9200E-06,-181.9094718E-03,+32.9819079936E+00
-24.8100E-06,-181.9094718E-03,+32.8311542236E+00
-24.7000E-06,-181.9094718E-03,+32.5798979402E+00
-24.5900E-06,-332.6632417E-03,+32.9819079936E+00
-24.4800E-06,-181.9094718E-03,+32.7306517101E+00
-24.3700E-06,-181.9094718E-03,+32.8311542236E+00
-24.2600E-06,+6.2502513826E+00,+25.9969833159E+00
-24.1500E-06,+31.1748746926E+00,+2.8311539894E+00
-24.0400E-06,+32.9336686767E+00,+821.1037219E-03
-23.9300E-06,+33.0341711902E+00,+1.2231137753E+00
-23.8200E-06,+32.7829149067E+00,+971.8574918E-03
-23.7100E-06,+32.9336686767E+00,+821.1037219E-03
-23.6000E-06,+33.3356787301E+00,+821.1037219E-03
-23.4900E-06,+33.0341711902E+00,+1.2231137753E+00
-23.3800E-06,+32.7829149067E+00,+1.0723600053E+00
-23.2700E-06,+32.7829149067E+00,+1.0723600053E+00
-23.1600E-06,+32.9336686767E+00,+971.8574918E-03
-23.0500E-06,+32.9336686767E+00,+1.2231137753E+00
-22.9400E-06,+27.9587942666E+00,+5.2432143086E+00
-22.8300E-06,+5.1447237359E+00,+27.3537672460E+00
-22.7200E-06,-583.9195251E-03,+32.8814054801E+00
-22.6100E-06,-433.1657552E-03,+32.5798979402E+00
-22.5000E-06,-433.1657552E-03,+32.5798979402E+00
-22.3900E-06,-181.9094718E-03,+32.8311542236E+00
-22.2800E-06,+1.7276382812E+00,+30.5195964173E+00
-22.1700E-06,+26.4010053089E+00,+7.2030133197E+00
-22.0600E-06,+33.1849249601E+00,+1.2231137753E+00
-21.9500E-06,+32.9336686767E+00,+1.0723600053E+00
-21.8400E-06,+33.0341711902E+00,+971.8574918E-03
-21.7300E-06,+32.5316586233E+00,+1.2231137753E+00
-21.6200E-06,+31.7276385171E+00,+2.1276363950E+00
-21.5100E-06,+5.6974875592E+00,+26.4492446257E+00
-21.4000E-06,-583.9195251E-03,+32.8311542236E+00
-21.2900E-06,-332.6632417E-03,+32.9819079936E+00
-21.1800E-06,-433.1657552E-03,+32.3286416567E+00
-21.0700E-06,-583.9195251E-03,+32.8311542236E+00
-20.9600E-06,-583.9195251E-03,+32.5798979402E+00
-20.8500E-06,-433.1657552E-03,+32.7306517101E+00
-20.7400E-06,-332.6632417E-03,+32.5798979402E+00
-20.6300E-06,-583.9195251E-03,+32.8311542236E+00
-20.5200E-06,-332.6632417E-03,+32.5798979402E+00
-20.4100E-06,-181.9094718E-03,+32.3286416567E+00
-20.3000E-06,-433.1657552E-03,+32.9819079936E+00
-20.1900E-06,+21.2251258712E+00,+11.8763801905E+00
-20.0800E-06,+33.0341711902E+00,+1.2231137753E+00
-19.9700E-06,+32.9336686767E+00,+821.1037219E-03
-19.8600E-06,+32.9336686767E+00,+1.0723600053E+00
-19.7500E-06,+32.5316586233E+00,+971.8574918E-03
-19.6400E-06,+32.6321611368E+00,+971.8574918E-03
-19.5300E-06,+32.7829149067E+00,+1.0723600053E+00
-19.4200E-06,+32.7829149067E+00,+1.0723600053E+00
-19.3100E-06,+32.5316586233E+00,+1.2231137753E+00
-19.2000E-06,+32.7829149067E+00,+971.8574918E-03
-19.0900E-06,+33.0844224466E+00,+971.8574918E-03
-18.9800E-06,+32.7829149067E+00,+1.2231137753E+00
-18.8700E-06,+32.7829149067E+00,+1.2231137753E+00
-18.7600E-06,+32.7829149067E+00,+1.0723600053E+00
-18.6500E-06,+32.7829149067E+00,+971.8574918E-03
-18.5400E-06,+32.7829149067E+00,+1.2231137753E+00
-18.4300E-06,+32.7829149067E+00,+1.2231137753E+00
-18.3200E-06,+32.7829149067E+00,+1.0723600053E+00
-18.2100E-06,+14.1899499376E+00,+17.9567822474E+00
-18.1000E-06,-835.1758086E-03,+32.8311542236E+00
-17.9900E-06,-332.6632417E-03,+32.5798979402E+00
-17.8800E-06,-583.9195251E-03,+32.7306517101E+00
-17.7700E-06,-181.9094718E-03,+32.5798979402E+00
-17.6600E-06,-332.6632417E-03,+32.7306517101E+00
-17.5500E-06,-835.1758086E-03,+16.2482395214E+00
-17.4400E-06,-985.9295785E-03,+167.8373850E-03
-17.3300E-06,-433.1657552E-03,+821.1037219E-03
-17.2200E-06,-181.9094718E-03,+971.8574918E-03
-17.1100E-06,-181.9094718E-03,+1.2231137753E+00
-17.0000E-06,+69.3468117E-03,+971.8574918E-03
-16.8900E-06,-433.1657552E-03,+971.8574918E-03
-16.7800E-06,-332.6632417E-03,+971.8574918E-03
-16.6700E-06,-181.9094718E-03,+821.1037219E-03
-16.5600E-06,-181.9094718E-03,+821.1037219E-03
-16.4500E-06,-181.9094718E-03,+971.8574918E-03
-16.3400E-06,-181.9094718E-03,+1.2231137753E+00
-16.2300E-06,+370.8543516E-03,+14.5396967938E+00
-16.1200E-06,+471.3568651E-03,+33.7859281003E+00
-16.0100E-06,-433.1657552E-03,+32.7306517101E+00
-15.9000E-06,-81.4069583E-03,+32.5798979402E+00
-15.7900E-06,-583.9195251E-03,+32.7306517101E+00
-15.6800E-06,-332.6632417E-03,+32.8814054801E+00
-15.5700E-06,-433.1657552E-03,+32.1778878868E+00
-15.4600E-06,-332.6632417E-03,+31.5246215499E+00
-15.3500E-06,-181.9094718E-03,+31.3738677800E+00
-15.2400E-06,-181.9094718E-03,+30.9718577266E+00
-15.1300E-06,-583.9195251E-03,+31.2231140100E+00
-15.0200E-06,-433.1657552E-03,+30.7206014431E+00
-14.9100E-06,-583.9195251E-03,+30.7206014431E+00
-14.8000E-06,-332.6632417E-03,+30.9718577266E+00
-14.6900E-06,-181.9094718E-03,+30.9718577266E+00
-14.5800E-06,-181.9094718E-03,+30.8211039566E+00
-14.4700E-06,-181.9094718E-03,+30.7206014431E+00
-14.3600E-06,-181.9094718E-03,+30.7206014431E+00
-14.2500E-06,-332.6632417E-03,+30.8211039566E+00
-14.1400E-06,-181.9094718E-03,+30.8211039566E+00
-14.0300E-06,-181.9094718E-03,+30.7206014431E+00
-13.9200E-06,-332.6632417E-03,+30.7206014431E+00
-13.8100E-06,-433.1657552E-03,+30.5698476732E+00
-13.7000E-06,-433.1657552E-03,+30.5698476732E+00
-13.5900E-06,+69.3468117E-03,+30.4190939032E+00
-13.4800E-06,-181.9094718E-03,+30.5698476732E+00
-13.3700E-06,-181.9094718E-03,+30.5698476732E+00
-13.2600E-06,+370.8543516E-03,+31.7758778334E+00
-13.1500E-06,+370.8543516E-03,+32.1778878868E+00
-13.0400E-06,+622.1106350E-03,+32.1778878868E+00
-12.9300E-06,-31.1557018E-03,+32.1778878868E+00
-12.8200E-06,+220.1005816E-03,+32.1778878868E+00
-12.7100E-06,+220.1005816E-03,+32.0271341168E+00
-12.6000E-06,+13.1346735468E+00,+14.8412043343E+00
-12.4900E-06,+32.1296485699E+00,+2.2783901655E+00
-12.3800E-06,+32.7829149067E+00,+1.7758775986E+00
-12.2700E-06,+32.7829149067E+00,+1.6251238286E+00
-12.1600E-06,+33.0341711902E+00,+1.7758775986E+00
-12.0500E-06,+32.7829149067E+00,+1.7758775986E+00
-11.9400E-06,+20.8231158189E+00,+17.1527621406E+00
-11.8300E-06,+370.8543516E-03,+32.5798979402E+00
-11.7200E-06,+471.3568651E-03,+32.9819079936E+00
-11.6100E-06,-31.1557018E-03,+32.9819079936E+00
-11.5000E-06,+220.1005816E-03,+32.5798979402E+00
-11.3900E-06,+320.6030951E-03,+32.5798979402E+00
-11.2800E-06,+8.9135679858E+00,+20.5195963388E+00
-11.1700E-06,+32.1296485699E+00,+2.2783901655E+00
-11.0600E-06,+32.3809048533E+00,+1.8763801121E+00
-10.9500E-06,+32.3809048533E+00,+1.7758775986E+00
-10.8400E-06,+32.6321611368E+00,+1.8763801121E+00
-10.7300E-06,+32.7829149067E+00,+1.7758775986E+00
-10.6200E-06,+25.5467339462E+00,+13.1326616066E+00
-10.5100E-06,+1.0241206884E+00,+31.5246215499E+00
-10.4000E-06,+220.1005816E-03,+31.9266316033E+00
-10.2900E-06,+471.3568651E-03,+32.1778878868E+00
-10.1800E-06,+220.1005816E-03,+32.3286416567E+00
-10.0700E-06,+370.8543516E-03,+32.5798979402E+00
-9.9600E-06,+3.9889448322E+00,+25.5949732625E+00
-9.8500E-06,+30.0190957894E+00,+3.0824102723E+00
-9.7400E-06,+32.3809048533E+00,+2.0271338820E+00
-9.6300E-06,+32.3809048533E+00,+2.0271338820E+00
-9.5200E-06,+32.6321611368E+00,+1.8763801121E+00
-9.4100E-06,+32.7829149067E+00,+1.6251238286E+00
-9.3000E-06,+29.6170857366E+00,+9.7658274095E+00
-9.1900E-06,+1.9286433087E+00,+30.4693451597E+00
-9.0800E-06,+220.1005816E-03,+32.6804004536E+00
-8.9700E-06,+220.1005816E-03,+32.5798979402E+00
-8.8600E-06,+220.1005816E-03,+32.7306517101E+00
-8.7500E-06,+220.1005816E-03,+32.5798979402E+00
-8.6400E-06,+2.1296483351E+00,+28.9115562031E+00
-8.5300E-06,+27.8582917525E+00,+4.2884404325E+00
-8.4200E-06,+32.3809048533E+00,+1.8763801121E+00
-8.3100E-06,+32.3809048533E+00,+1.8763801121E+00
-8.2000E-06,+32.2301510834E+00,+2.0271338820E+00
-8.0900E-06,+32.3809048533E+00,+1.6251238286E+00
-7.9800E-06,+32.1296485699E+00,+2.0271338820E+00
-7.8700E-06,+31.9788947999E+00,+1.8763801121E+00
-7.7600E-06,+32.1296485699E+00,+2.2783901655E+00
-7.6500E-06,+32.6321611368E+00,+1.6251238286E+00
-7.5400E-06,+32.3809048533E+00,+1.8763801121E+00
-7.4300E-06,+32.6321611368E+00,+1.7758775986E+00
-7.3200E-06,+32.7829149067E+00,+1.8763801121E+00
-7.2100E-06,+32.6321611368E+00,+2.0271338820E+00
-7.1000E-06,+32.5316586233E+00,+1.8763801121E+00
-6.9900E-06,+33.0341711902E+00,+1.7758775986E+00
-6.8800E-06,+32.7829149067E+00,+1.6251238286E+00
-6.7700E-06,+32.6321611368E+00,+1.7758775986E+00
-6.6600E-06,+32.3809048533E+00,+1.7758775986E+00
-6.5500E-06,+32.7829149067E+00,+2.0271338820E+00
-6.4400E-06,+32.7829149067E+00,+1.8763801121E+00
-6.3300E-06,+32.6321611368E+00,+1.7758775986E+00
-6.2200E-06,+32.3809048533E+00,+1.8763801121E+00
-6.1100E-06,+32.3809048533E+00,+2.0271338820E+00
-6.0000E-06,+32.3809048533E+00,+4.4894454589E+00
-5.8900E-06,+12.1798996712E+00,+23.0824104280E+00
-5.7800E-06,+69.3468117E-03,+32.2783904002E+00
-5.6700E-06,+220.1005816E-03,+32.0271341168E+00
-5.5600E-06,+220.1005816E-03,+32.1778878868E+00
-5.4500E-06,+220.1005816E-03,+32.5798979402E+00
-5.3400E-06,+69.3468117E-03,+32.0271341168E+00
-5.2300E-06,+10.5216081994E+00,+17.9567822485E+00
-5.1200E-06,+31.7276385165E+00,+2.4291439354E+00
-5.0100E-06,+32.3809048533E+00,+2.0271338820E+00
-4.9000E-06,+32.2301510834E+00,+1.8763801121E+00
-4.7900E-06,+32.5316586233E+00,+2.0271338820E+00
-4.6800E-06,+32.1296485699E+00,+2.3286414220E+00
-4.5700E-06,+19.4663318888E+00,+17.8562797339E+00
-4.4600E-06,+622.1106350E-03,+32.3286416567E+00
-4.3500E-06,+370.8543516E-03,+32.3286416567E+00
-4.2400E-06,+220.1005816E-03,+32.8311542236E+00
-4.1300E-06,+220.1005816E-03,+32.9819079936E+00
-4.0200E-06,+220.1005816E-03,+32.8311542236E+00
-3.9100E-06,+7.4060302858E+00,+22.4291440923E+00
-3.8000E-06,+31.5768847466E+00,+2.4291439354E+00
-3.6900E-06,+32.5316586233E+00,+1.7758775986E+00
-3.5800E-06,+32.6321611368E+00,+1.8763801121E+00
-3.4700E-06,+32.2301510834E+00,+1.7758775986E+00
-3.3600E-06,+32.1296485699E+00,+2.0271338820E+00
-3.2500E-06,+32.3809048533E+00,+1.7758775986E+00
-3.1400E-06,+31.9788947999E+00,+1.7758775986E+00
-3.0300E-06,+32.2301510834E+00,+2.0271338820E+00
-2.9200E-06,+32.1296485699E+00,+2.0271338820E+00
-2.8100E-06,+32.1296485699E+00,+1.7758775986E+00
-2.7000E-06,+32.1296485699E+00,+1.6251238286E+00
-2.5900E-06,+32.3809048533E+00,+1.4743700587E+00
-2.4800E-06,+32.5316586233E+00,+1.4743700587E+00
-2.3700E-06,+32.7829149067E+00,+1.6251238286E+00
-2.2600E-06,+32.5316586233E+00,+1.7758775986E+00
-2.1500E-06,+32.5316586233E+00,+1.6251238286E+00
-2.0400E-06,+32.7829149067E+00,+2.0271338820E+00
-1.9300E-06,+28.4110555764E+00,+10.7206012863E+00
-1.8200E-06,+1.1246232019E+00,+31.1226114965E+00
-1.7100E-06,+220.1005816E-03,+32.7306517101E+00
-1.6000E-06,+370.8543516E-03,+32.5798979402E+00
-1.4900E-06,+220.1005816E-03,+32.9819079936E+00
-1.3800E-06,+220.1005816E-03,+32.7306517101E+00
-1.2700E-06,+1.4763819983E+00,+29.5648225400E+00
-1.1600E-06,+24.6422113248E+00,+5.7959781331E+00
-1.0500E-06,+32.5316586233E+00,+2.0271338820E+00
-940.0E-09,+32.7829149067E+00,+1.3738675452E+00
-830.0E-09,+32.5316586233E+00,+1.6251238286E+00
-720.0E-09,+32.5316586233E+00,+1.6251238286E+00
-610.0E-09,+31.0241209232E+00,+7.8562796560E+00
-500.0E-09,+4.6422111696E+00,+28.1075360958E+00
-390.0E-09,+220.1005816E-03,+32.3286416567E+00
-280.0E-09,-31.1557018E-03,+32.3286416567E+00
-170.0E-09,+220.1005816E-03,+32.3286416567E+00
-60.0E-09,+220.1005816E-03,+32.3286416567E+00
+50.0E-09,+622.1106350E-03,+31.3738677800E+00
+160.0E-09,+17.6572866471E+00,+10.4693450039E+00
+270.0E-09,+32.7829149067E+00,+2.0271338820E+00
+380.0E-09,+32.7829149067E+00,+2.0271338820E+00
+490.0E-09,+32.5316586233E+00,+1.7758775986E+00
+600.0E-09,+32.9336686767E+00,+1.6251238286E+00
+710.0E-09,+32.4814073668E+00,+5.4442193356E+00
+820.0E-09,+9.8180906072E+00,+24.6401993852E+00
+930.0E-09,+220.1005816E-03,+32.5798979402E+00
+1.0400E-06,+220.1005816E-03,+32.3286416567E+00
+1.1500E-06,+471.3568651E-03,+32.5798979402E+00
+1.2600E-06,+471.3568651E-03,+32.5798979402E+00
+1.3700E-06,+220.1005816E-03,+32.4291441702E+00
+1.4800E-06,+12.9336685198E+00,+15.2934656447E+00
+1.5900E-06,+32.1296485699E+00,+2.1276363955E+00
+1.7000E-06,+32.1296485699E+00,+1.8763801121E+00
+1.8100E-06,+32.1296485699E+00,+1.7758775986E+00
+1.9200E-06,+31.9788947999E+00,+1.6251238286E+00
+2.0300E-06,+32.2804023399E+00,+3.6854253521E+00
+2.1400E-06,+14.8934675314E+00,+20.5195963377E+00
+2.2500E-06,+220.1005816E-03,+32.1778878868E+00
+2.3600E-06,+370.8543516E-03,+32.1778878868E+00
+2.4700E-06,+220.1005816E-03,+32.4291441702E+00
+2.5800E-06,+220.1005816E-03,+32.8311542236E+00
+2.6900E-06,+370.8543516E-03,+32.5798979402E+00
+2.8000E-06,+8.7628142159E+00,+20.3688425689E+00
+2.9100E-06,+32.1296485699E+00,+2.2783901655E+00
+3.0200E-06,+32.5316586233E+00,+1.7758775986E+00
+3.1300E-06,+32.5316586233E+00,+2.0271338820E+00
+3.2400E-06,+32.5316586233E+00,+2.0271338820E+00
+3.3500E-06,+32.3809048533E+00,+2.1778876520E+00
+3.4600E-06,+21.7276384386E+00,+16.5497470608E+00
+3.5700E-06,+370.8543516E-03,+31.9266316033E+00
+3.6800E-06,+370.8543516E-03,+32.5798979402E+00
+3.7900E-06,+220.1005816E-03,+32.5798979402E+00
+3.9000E-06,+622.1106350E-03,+32.5798979402E+00
+4.0100E-06,+220.1005816E-03,+32.4291441702E+00
+4.1200E-06,+4.8934674519E+00,+25.4442194931E+00
+4.2300E-06,+30.5718596128E+00,+2.9316565023E+00
+4.3400E-06,+32.5316586233E+00,+1.6251238286E+00
+4.4500E-06,+32.5316586233E+00,+1.6251238286E+00
+4.5600E-06,+32.3809048533E+00,+1.7758775986E+00
+4.6700E-06,+32.1296485699E+00,+2.0271338820E+00
+4.7800E-06,+26.7527641064E+00,+12.5798977833E+00
+4.8900E-06,+1.2753769719E+00,+31.2733652665E+00
+5.0000E-06,+119.5980682E-03,+32.9819079936E+00
+5.1100E-06,+220.1005816E-03,+32.5798979402E+00
+5.2200E-06,+220.1005816E-03,+32.9819079936E+00
+5.3300E-06,+471.3568651E-03,+32.5798979402E+00
+5.4400E-06,+2.5316583885E+00,+28.6100486632E+00
+5.5500E-06,+27.4060304421E+00,+4.2381891760E+00
+5.6600E-06,+33.0341711902E+00,+1.6251238286E+00
+5.7700E-06,+32.9336686767E+00,+1.6251238286E+00
+5.8800E-06,+32.7829149067E+00,+1.6251238286E+00
+5.9900E-06,+32.6321611368E+00,+2.0271338820E+00
+6.1000E-06,+30.5718596133E+00,+8.4090434794E+00
+6.2100E-06,+2.7326634155E+00,+29.6653250529E+00
+6.3200E-06,+119.5980682E-03,+32.5798979402E+00
+6.4300E-06,+370.8543516E-03,+32.1778878868E+00
+6.5400E-06,+471.3568651E-03,+32.1778878868E+00
+6.6500E-06,+370.8543516E-03,+32.3286416567E+00
+6.7600E-06,+521.6081216E-03,+30.8211039566E+00
+6.8700E-06,+21.4261308976E+00,+7.7055258866E+00
+6.9800E-06,+32.5316586233E+00,+2.4291439354E+00
+7.0900E-06,+32.3809048533E+00,+1.8763801121E+00
+7.2000E-06,+32.6321611368E+00,+1.7758775986E+00
+7.3100E-06,+32.7829149067E+00,+1.6251238286E+00
+7.4200E-06,+31.9788947999E+00,+6.4994957259E+00
+7.5300E-06,+7.0542714899E+00,+26.6502496521E+00
+7.6400E-06,+370.8543516E-03,+32.5798979402E+00
+7.7500E-06,+622.1106350E-03,+32.5798979402E+00
+7.8600E-06,+370.8543516E-03,+32.8311542236E+00
+7.9700E-06,+220.1005816E-03,+32.5798979402E+00
+8.0800E-06,+220.1005816E-03,+32.0271341168E+00
+8.1900E-06,+15.4462313537E+00,+12.9316565808E+00
+8.3000E-06,+32.3809048533E+00,+2.2783901655E+00
+8.4100E-06,+32.3809048533E+00,+1.7758775986E+00
+8.5200E-06,+32.6321611368E+00,+1.6251238286E+00
+8.6300E-06,+32.6321611368E+00,+1.8763801121E+00
+8.7400E-06,+32.5316586233E+00,+4.0874354055E+00
+8.8500E-06,+12.3809046976E+00,+22.5296466047E+00
+8.9600E-06,+471.3568651E-03,+32.1778878868E+00
+9.0700E-06,+220.1005816E-03,+32.1778878868E+00
+9.1800E-06,+220.1005816E-03,+32.3286416567E+00
+9.2900E-06,+370.8543516E-03,+32.1778878868E+00
+9.4000E-06,+220.1005816E-03,+32.7306517101E+00
+9.5100E-06,+622.1106350E-03,+32.8311542236E+00
+9.6200E-06,+471.3568651E-03,+32.4291441702E+00
+9.7300E-06,+471.3568651E-03,+32.5798979402E+00
+9.8400E-06,+622.1106350E-03,+32.5798979402E+00
+9.9500E-06,+220.1005816E-03,+32.9819079936E+00
+10.0600E-06,+220.1005816E-03,+32.7306517101E+00
+10.1700E-06,+370.8543516E-03,+32.7306517101E+00
+10.2800E-06,-31.1557018E-03,+32.5798979402E+00
+10.3900E-06,+220.1005816E-03,+32.7306517101E+00
+10.5000E-06,+622.1106350E-03,+32.5798979402E+00
+10.6100E-06,+471.3568651E-03,+32.5798979402E+00
+10.7200E-06,+220.1005816E-03,+32.5798979402E+00
+10.8300E-06,+370.8543516E-03,+32.3286416567E+00
+10.9400E-06,+370.8543516E-03,+32.5798979402E+00
+11.0500E-06,+471.3568651E-03,+32.3286416567E+00
+11.1600E-06,+220.1005816E-03,+32.3286416567E+00
+11.2700E-06,+220.1005816E-03,+32.5798979402E+00
+11.3800E-06,+370.8543516E-03,+32.5798979402E+00
+11.4900E-06,+471.3568651E-03,+32.7306517101E+00
+11.6000E-06,+370.8543516E-03,+32.5798979402E+00
+11.7100E-06,+471.3568651E-03,+32.1778878868E+00
+11.8200E-06,+370.8543516E-03,+32.6804004536E+00
+11.9300E-06,+622.1106350E-03,+32.5798979402E+00
+12.0400E-06,+370.8543516E-03,+32.1778878868E+00
+12.1500E-06,+2.5316583885E+00,+28.1075360963E+00
+12.2600E-06,+27.6572867255E+00,+3.9869328926E+00
+12.3700E-06,+32.3809048533E+00,+1.7758775986E+00
+12.4800E-06,+32.1296485699E+00,+1.6251238286E+00
+12.5900E-06,+32.5316586233E+00,+1.8763801121E+00
+12.7000E-06,+32.3809048533E+00,+1.4743700587E+00
+12.8100E-06,+29.4663319666E+00,+9.5145711261E+00
+12.9200E-06,+1.6773870253E+00,+30.4693451597E+00
+13.0300E-06,+220.1005816E-03,+32.7306517101E+00
+13.1400E-06,+220.1005816E-03,+32.9819079936E+00
+13.2500E-06,+220.1005816E-03,+32.9819079936E+00
+13.3600E-06,+220.1005816E-03,+32.9819079936E+00
+13.4700E-06,+923.6181750E-03,+30.6703501867E+00
+13.5800E-06,+25.0944726352E+00,+5.9969831595E+00
+13.6900E-06,+32.9336686767E+00,+2.0271338820E+00
+13.8000E-06,+32.7829149067E+00,+1.7758775986E+00
+13.9100E-06,+32.5316586233E+00,+1.6251238286E+00
+14.0200E-06,+32.7829149067E+00,+1.8763801121E+00
+14.1300E-06,+32.5316586233E+00,+1.6251238286E+00
+14.2400E-06,+32.7829149067E+00,+1.7758775986E+00
+14.3500E-06,+32.5316586233E+00,+1.8763801121E+00
+14.4600E-06,+32.3809048533E+00,+1.6251238286E+00
+14.5700E-06,+32.5316586233E+00,+1.7758775986E+00
+14.6800E-06,+32.3809048533E+00,+1.7758775986E+00
+14.7900E-06,+32.3809048533E+00,+2.0271338820E+00
+14.9000E-06,+31.9788947999E+00,+2.1778876520E+00
+15.0100E-06,+31.9788947999E+00,+1.7758775986E+00
+15.1200E-06,+32.1296485699E+00,+2.0271338820E+00
+15.2300E-06,+31.9788947999E+00,+1.6251238286E+00
+15.3400E-06,+32.2301510834E+00,+2.0271338820E+00
+15.4500E-06,+32.3809048533E+00,+1.7758775986E+00
+15.5600E-06,+32.5316586233E+00,+1.6251238286E+00
+15.6700E-06,+32.7829149067E+00,+1.7758775986E+00
+15.7800E-06,+32.9336686767E+00,+2.0271338820E+00
+15.8900E-06,+32.9336686767E+00,+1.8763801121E+00
+16.0000E-06,+32.7829149067E+00,+1.8763801121E+00
+16.1100E-06,+33.0341711902E+00,+2.0271338820E+00
+16.2200E-06,+32.7829149067E+00,+1.7758775986E+00
+16.3300E-06,+32.6321611368E+00,+1.8763801121E+00
+16.4400E-06,+32.3809048533E+00,+1.7758775986E+00
+16.5500E-06,+32.3809048533E+00,+2.0271338820E+00
+16.6600E-06,+32.3809048533E+00,+1.8763801121E+00
+16.7700E-06,+32.3809048533E+00,+2.0271338820E+00
+16.8800E-06,+32.6321611368E+00,+1.8763801121E+00
+16.9900E-06,+31.9788947999E+00,+2.0271338820E+00
+17.1000E-06,+32.3809048533E+00,+1.7758775986E+00
+17.2100E-06,+32.3809048533E+00,+1.7758775986E+00
+17.3200E-06,+32.3809048533E+00,+1.6251238286E+00
+17.4300E-06,+32.3809048533E+00,+1.9266313686E+00
+17.5400E-06,+22.3809047754E+00,+15.6452244405E+00
+17.6500E-06,+471.3568651E-03,+31.7758778334E+00
+17.7600E-06,+220.1005816E-03,+32.1778878868E+00
+17.8700E-06,+69.3468117E-03,+32.1778878868E+00
+17.9800E-06,+220.1005816E-03,+32.5798979402E+00
+18.0900E-06,+220.1005816E-03,+32.5798979402E+00
+18.2000E-06,+6.5015076655E+00,+23.1829129426E+00
+18.3100E-06,+31.4763822331E+00,+2.6804002189E+00
+18.4200E-06,+32.9336686767E+00,+1.8763801121E+00
+18.5300E-06,+32.7829149067E+00,+2.0271338820E+00
+18.6400E-06,+32.5316586233E+00,+1.6251238286E+00
+18.7500E-06,+32.7829149067E+00,+1.8763801121E+00
+18.8600E-06,+27.6572867261E+00,+11.9768827035E+00
+18.9700E-06,+1.4261307418E+00,+31.1226114965E+00
+19.0800E-06,+471.3568651E-03,+32.3286416567E+00
+19.1900E-06,+622.1106350E-03,+32.5798979402E+00
+19.3000E-06,+220.1005816E-03,+32.1778878868E+00
+19.4100E-06,+471.3568651E-03,+32.1778878868E+00
+19.5200E-06,+3.1346734684E+00,+27.3537672465E+00
+19.6300E-06,+29.2150756826E+00,+3.4844203257E+00
+19.7400E-06,+32.6321611368E+00,+2.0271338820E+00
+19.8500E-06,+32.1296485699E+00,+2.0271338820E+00
+19.9600E-06,+31.9788947999E+00,+2.0271338820E+00
+20.0700E-06,+32.1296485699E+00,+1.7758775986E+00
+20.1800E-06,+30.5718596133E+00,+8.1577871959E+00
+20.2900E-06,+3.4864322658E+00,+29.3135662560E+00
+20.4000E-06,+220.1005816E-03,+32.5798979402E+00
+20.5100E-06,+220.1005816E-03,+32.4291441702E+00
+20.6200E-06,+220.1005816E-03,+32.5798979402E+00
+20.7300E-06,+370.8543516E-03,+32.9819079936E+00
+20.8400E-06,+1.4763819983E+00,+30.1175863633E+00
+20.9500E-06,+25.3959801751E+00,+5.4442193362E+00
+21.0600E-06,+32.7829149067E+00,+2.0271338820E+00
+21.1700E-06,+32.7829149067E+00,+1.7758775986E+00
+21.2800E-06,+32.6321611368E+00,+1.8763801121E+00
+21.3900E-06,+32.5316586233E+00,+2.0271338820E+00
+21.5000E-06,+31.8281410300E+00,+6.0974856725E+00
+21.6100E-06,+6.8532664629E+00,+26.3487421123E+00
+21.7200E-06,-31.1557018E-03,+32.1778878868E+00
+21.8300E-06,-31.1557018E-03,+32.5798979402E+00
+21.9400E-06,+471.3568651E-03,+32.3286416567E+00
+22.0500E-06,+471.3568651E-03,+32.4291441702E+00
+22.1600E-06,+370.8543516E-03,+31.3236165235E+00
+22.2700E-06,+19.2653268607E+00,+9.3135661002E+00
+22.3800E-06,+31.9788947999E+00,+1.8763801121E+00
+22.4900E-06,+32.2301510834E+00,+1.7758775986E+00
+22.6000E-06,+32.1296485699E+00,+2.0271338820E+00
+22.7100E-06,+32.3809048533E+00,+1.9266313686E+00
+22.8200E-06,+32.3809048533E+00,+1.8763801121E+00
+22.9300E-06,+32.5316586233E+00,+2.0271338820E+00
+23.0400E-06,+32.6321611368E+00,+2.0271338820E+00
+23.1500E-06,+32.7829149067E+00,+2.0271338820E+00
+23.2600E-06,+33.0341711902E+00,+2.1778876520E+00
+23.3700E-06,+32.9336686767E+00,+1.6251238286E+00
+23.4800E-06,+32.9336686767E+00,+3.3839178122E+00
+23.5900E-06,+13.5366836007E+00,+22.5798978617E+00
+23.7000E-06,+69.3468117E-03,+32.4291441702E+00
+23.8100E-06,+471.3568651E-03,+32.7306517101E+00
+23.9200E-06,+220.1005816E-03,+32.8311542236E+00
+24.0300E-06,+220.1005816E-03,+32.5798979402E+00
+24.1400E-06,-31.1557018E-03,+32.1778878868E+00
+24.2500E-06,+10.1195981461E+00,+18.7608023553E+00
+24.3600E-06,+31.7276385165E+00,+2.2783901655E+00
+24.4700E-06,+32.3809048533E+00,+2.0271338820E+00
+24.5800E-06,+32.2301510834E+00,+1.8763801121E+00
+24.6900E-06,+32.1296485699E+00,+1.8763801121E+00
+24.8000E-06,+32.3809048533E+00,+1.6251238286E+00
+24.9100E-06,+32.3809048533E+00,+2.0271338820E+00
+25.0200E-06,+32.3809048533E+00,+1.8763801121E+00
+25.1300E-06,+32.3809048533E+00,+1.6251238286E+00
+25.2400E-06,+32.5316586233E+00,+1.7758775986E+00
+25.3500E-06,+32.7829149067E+00,+2.0271338820E+00
+25.4600E-06,+32.6321611368E+00,+1.6251238286E+00
+25.5700E-06,+25.4462314327E+00,+14.0371842269E+00
+25.6800E-06,+722.6131485E-03,+31.9266316033E+00
+25.7900E-06,+220.1005816E-03,+32.9819079936E+00
+25.9000E-06,+220.1005816E-03,+32.9819079936E+00
+26.0100E-06,-31.1557018E-03,+32.9819079936E+00
+26.1200E-06,+220.1005816E-03,+32.8311542236E+00
+26.2300E-06,+4.6422111685E+00,+25.0924606961E+00
+26.3400E-06,+30.4211058428E+00,+3.1829127858E+00
+26.4500E-06,+32.6321611368E+00,+1.6251238286E+00
+26.5600E-06,+32.3809048533E+00,+1.7758775986E+00
+26.6700E-06,+32.7829149067E+00,+1.5246213152E+00
+26.7800E-06,+32.5316586233E+00,+1.7758775986E+00
+26.8900E-06,+29.2150756832E+00,+10.1175862064E+00
+27.0000E-06,+2.6824121590E+00,+29.5648225394E+00
+27.1100E-06,+220.1005816E-03,+32.1778878868E+00
+27.2200E-06,+220.1005816E-03,+31.9266316033E+00
+27.3300E-06,+220.1005816E-03,+32.1778878868E+00
+27.4400E-06,+220.1005816E-03,+32.0271341168E+00
+27.5500E-06,+1.7276382818E+00,+28.5095461497E+00
+27.6600E-06,+27.2050254157E+00,+4.5396967159E+00
+27.7700E-06,+32.6321611368E+00,+1.6251238286E+00
+27.8800E-06,+32.7829149067E+00,+2.0271338820E+00
+27.9900E-06,+32.5316586233E+00,+1.6251238286E+00
+28.1000E-06,+32.3809048533E+00,+2.0271338820E+00
+28.2100E-06,+32.6321611368E+00,+1.7758775986E+00
+28.3200E-06,+32.7829149067E+00,+1.6251238286E+00
+28.4300E-06,+32.9336686767E+00,+2.0271338820E+00
+28.5400E-06,+32.7829149067E+00,+1.8763801121E+00
+28.6500E-06,+32.7829149067E+00,+1.6251238286E+00
+28.7600E-06,+33.0341711902E+00,+1.6251238286E+00
+28.8700E-06,+31.9286435435E+00,+6.3989932124E+00
+28.9800E-06,+5.8482413297E+00,+27.2030134755E+00
+29.0900E-06,+220.1005816E-03,+31.9266316033E+00
+29.2000E-06,+220.1005816E-03,+32.4291441702E+00
+29.3100E-06,+370.8543516E-03,+32.1778878868E+00
+29.4200E-06,+220.1005816E-03,+32.3286416567E+00
+29.5300E-06,+69.3468117E-03,+31.6251240634E+00
+29.6400E-06,+16.0492464335E+00,+11.9266314475E+00
+29.7500E-06,+32.1296485699E+00,+1.8763801121E+00
+29.8600E-06,+32.3809048533E+00,+1.6251238286E+00
+29.9700E-06,+31.9788947999E+00,+1.6251238286E+00
+30.0800E-06,+32.3809048533E+00,+2.0271338820E+00
+30.1900E-06,+32.3809048533E+00,+4.5899479724E+00
+30.3000E-06,+10.7728644834E+00,+23.6351742520E+00
+30.4100E-06,+370.8543516E-03,+32.3286416567E+00
+30.5200E-06,+220.1005816E-03,+32.5798979402E+00
+30.6300E-06,+220.1005816E-03,+32.7306517101E+00
+30.7400E-06,+220.1005816E-03,+32.9819079936E+00
+30.8500E-06,+220.1005816E-03,+32.8311542236E+00
+30.9600E-06,+11.0241207663E+00,+18.4090435583E+00
+31.0700E-06,+32.5316586233E+00,+2.1778876520E+00
+31.1800E-06,+32.6321611368E+00,+1.7758775986E+00
+31.2900E-06,+32.1296485699E+00,+1.6251238286E+00
+31.4000E-06,+32.6321611368E+00,+1.8763801121E+00
+31.5100E-06,+32.3809048533E+00,+2.6301489619E+00
+31.6200E-06,+18.4110554980E+00,+18.4090435578E+00
+31.7300E-06,+220.1005816E-03,+32.3286416567E+00
+31.8400E-06,+370.8543516E-03,+31.9266316033E+00
+31.9500E-06,+370.8543516E-03,+32.1778878868E+00
+32.0600E-06,+471.3568651E-03,+32.4291441702E+00
+32.1700E-06,+220.1005816E-03,+32.0271341168E+00
+32.2800E-06,+5.6974875587E+00,+23.4844204825E+00
+32.3900E-06,+31.3256284631E+00,+2.2783901655E+00
+32.5000E-06,+32.3809048533E+00,+1.6251238286E+00
+32.6100E-06,+32.3809048533E+00,+1.6251238286E+00
+32.7200E-06,+32.3809048533E+00,+1.6251238286E+00
+32.8300E-06,+32.6321611368E+00,+1.8763801121E+00
+32.9400E-06,+25.5467339461E+00,+13.7859279435E+00
+33.0500E-06,+873.3669185E-03,+31.9266316033E+00
+33.1600E-06,+471.3568651E-03,+32.5798979402E+00
+33.2700E-06,+220.1005816E-03,+32.5798979402E+00
+33.3800E-06,+370.8543516E-03,+32.8311542236E+00
+33.4900E-06,+622.1106350E-03,+32.8311542236E+00
+33.6000E-06,+2.9336684419E+00,+27.8060285564E+00
+33.7100E-06,+28.7125631158E+00,+3.7356766091E+00
+33.8200E-06,+32.7829149067E+00,+2.0271338820E+00
+33.9300E-06,+32.3809048533E+00,+1.6251238286E+00
+34.0400E-06,+32.3809048533E+00,+1.6251238286E+00
+34.1500E-06,+32.5316586233E+00,+1.7758775986E+00
+34.2600E-06,+28.8130656298E+00,+10.4190937463E+00
+34.3700E-06,+2.0291458222E+00,+30.2180888762E+00
+34.4800E-06,-31.1557018E-03,+31.7758778334E+00
+34.5900E-06,+320.6030951E-03,+32.1778878868E+00
+34.7000E-06,+622.1106350E-03,+32.1778878868E+00
+34.8100E-06,+220.1005816E-03,+32.3286416567E+00
+34.9200E-06,+1.0743719449E+00,+30.1175863633E+00
+35.0300E-06,+24.0391962450E+00,+6.3989932129E+00
+35.1400E-06,+32.3809048533E+00,+1.8763801121E+00
+35.2500E-06,+32.7829149067E+00,+1.7758775986E+00
+35.3600E-06,+32.7829149067E+00,+1.8763801121E+00
+35.4700E-06,+32.7829149067E+00,+2.0271338820E+00
+35.5800E-06,+31.3758797201E+00,+7.7557771425E+00
+35.6900E-06,+4.0391960892E+00,+28.6100486627E+00
+35.8000E-06,+370.8543516E-03,+32.8311542236E+00
+35.9100E-06,+220.1005816E-03,+32.5798979402E+00
+36.0200E-06,+220.1005816E-03,+32.5798979402E+00
+36.1300E-06,+220.1005816E-03,+32.7306517101E+00
+36.2400E-06,+622.1106350E-03,+31.6251240634E+00
+36.3500E-06,+19.3658293741E+00,+9.3135661002E+00
+36.4600E-06,+32.3809048533E+00,+1.7758775986E+00
+36.5700E-06,+32.2301510834E+00,+1.6251238286E+00
+36.6800E-06,+32.3809048533E+00,+1.6251238286E+00
+36.7900E-06,+32.3809048533E+00,+1.7758775986E+00
+36.9000E-06,+32.2301510834E+00,+5.2934655657E+00
+37.0100E-06,+10.2201006607E+00,+23.8361792784E+00
+37.1200E-06,-31.1557018E-03,+32.1778878868E+00
+37.2300E-06,+119.5980682E-03,+32.4291441702E+00
+37.3400E-06,+471.3568651E-03,+32.3286416567E+00
+37.4500E-06,+370.8543516E-03,+32.3286416567E+00
+37.5600E-06,+220.1005816E-03,+32.0271341168E+00
+37.6700E-06,+13.3356785732E+00,+15.0422093613E+00
+37.7800E-06,+32.1296485699E+00,+2.0271338820E+00
+37.8900E-06,+32.7829149067E+00,+1.7758775986E+00
+38.0000E-06,+32.6321611368E+00,+1.6251238286E+00
+38.1100E-06,+32.7829149067E+00,+2.0271338820E+00
+38.2200E-06,+32.5316586233E+00,+2.8814052453E+00
+38.3300E-06,+16.3005027181E+00,+20.3185913113E+00
+38.4400E-06,+220.1005816E-03,+32.5798979402E+00
+38.5500E-06,+220.1005816E-03,+32.5798979402E+00
+38.6600E-06,+220.1005816E-03,+32.4793954267E+00
+38.7700E-06,+622.1106350E-03,+32.5798979402E+00
+38.8800E-06,+471.3568651E-03,+32.5798979402E+00
+38.9900E-06,+8.8633167294E+00,+20.1678375419E+00
+39.1000E-06,+31.5768847466E+00,+2.4291439354E+00
+39.2100E-06,+32.6321611368E+00,+1.7758775986E+00
+39.3200E-06,+32.5316586233E+00,+1.6251238286E+00
+39.4300E-06,+32.3809048533E+00,+2.1276363955E+00
+39.5400E-06,+32.2301510834E+00,+2.1778876520E+00
+39.6500E-06,+22.3809047755E+00,+15.6452244405E+00
+39.7600E-06,+722.6131485E-03,+31.5246215499E+00
+39.8700E-06,+220.1005816E-03,+32.4291441702E+00
+39.9800E-06,+220.1005816E-03,+32.7306517101E+00
+40.0900E-06,+471.3568651E-03,+32.3286416567E+00
+40.2000E-06,+220.1005816E-03,+32.5798979402E+00
+40.3100E-06,+4.4412061420E+00,+26.0472345729E+00
+40.4200E-06,+30.1698495594E+00,+3.1829127858E+00
+40.5300E-06,+32.7829149067E+00,+1.6251238286E+00
+40.6400E-06,+32.7829149067E+00,+1.7758775986E+00
+40.7500E-06,+32.6321611368E+00,+2.0271338820E+00
+40.8600E-06,+32.3809048533E+00,+2.0271338820E+00
+40.9700E-06,+28.0090455230E+00,+11.4743701366E+00
+41.0800E-06,+1.2753769719E+00,+31.3738677800E+00
+41.1900E-06,+471.3568651E-03,+32.5798979402E+00
+41.3000E-06,+220.1005816E-03,+32.7306517101E+00
+41.4100E-06,+471.3568651E-03,+32.4291441702E+00
+41.5200E-06,+471.3568651E-03,+32.1778878868E+00
+41.6300E-06,+220.1005816E-03,+32.3286416567E+00
+41.7400E-06,+873.3669185E-03,+32.5798979402E+00
+41.8500E-06,+220.1005816E-03,+32.3286416567E+00
+41.9600E-06,+220.1005816E-03,+32.4291441702E+00
+42.0700E-06,+622.1106350E-03,+32.3286416567E+00
+42.1800E-06,+370.8543516E-03,+32.5798979402E+00
+42.2900E-06,+1.7276382817E+00,+29.4643200265E+00
+42.4000E-06,+25.2452264051E+00,+5.5949731062E+00
+42.5100E-06,+32.3809048533E+00,+2.0271338820E+00
+42.6200E-06,+32.3809048533E+00,+1.6251238286E+00
+42.7300E-06,+32.3809048533E+00,+2.0271338820E+00
+42.8400E-06,+32.5316586233E+00,+1.6251238286E+00
+42.9500E-06,+31.9286435435E+00,+5.8462293890E+00
+43.0600E-06,+6.0994976126E+00,+26.8512546791E+00
+43.1700E-06,+320.6030952E-03,+32.3286416567E+00
+43.2800E-06,+220.1005816E-03,+32.5798979402E+00
+43.3900E-06,-31.1557018E-03,+32.7306517101E+00
+43.5000E-06,+220.1005816E-03,+32.5798979402E+00
+43.6100E-06,+220.1005816E-03,+32.8311542236E+00
+43.7200E-06,+220.1005816E-03,+33.1326617635E+00
+43.8300E-06,+370.8543516E-03,+32.7306517101E+00
+43.9400E-06,+220.1005816E-03,+32.7306517101E+00
+44.0500E-06,+220.1005816E-03,+32.7306517101E+00
+44.1600E-06,+220.1005816E-03,+32.8311542236E+00
+44.2700E-06,+220.1005816E-03,+32.7306517101E+00
+44.3800E-06,+370.8543516E-03,+32.5798979402E+00
+44.4900E-06,+370.8543516E-03,+32.5798979402E+00
+44.6000E-06,+370.8543516E-03,+32.5798979402E+00
+44.7100E-06,+220.1005816E-03,+32.8311542236E+00
+44.8200E-06,+220.1005816E-03,+32.4291441702E+00
+44.9300E-06,+220.1005816E-03,+32.5798979402E+00
+45.0400E-06,+370.8543516E-03,+32.5798979402E+00
+45.1500E-06,+220.1005816E-03,+32.5798979402E+00
+45.2600E-06,+220.1005816E-03,+32.5798979402E+00
+45.3700E-06,+220.1005816E-03,+32.5798979402E+00
+45.4800E-06,+220.1005816E-03,+32.4291441702E+00
+45.5900E-06,+220.1005816E-03,+32.1778878868E+00
+45.7000E-06,+9.3155780392E+00,+19.3135661787E+00
+45.8100E-06,+31.7276385165E+00,+2.2783901655E+00
+45.9200E-06,+32.1296485699E+00,+2.0271338820E+00
+46.0300E-06,+31.9788947999E+00,+1.3738675452E+00
+46.1400E-06,+31.8783922864E+00,+1.6251238286E+00
+46.2500E-06,+31.9788947999E+00,+2.1778876520E+00
+46.3600E-06,+20.6221107920E+00,+16.8512546006E+00
+46.4700E-06,+471.3568651E-03,+31.9266316033E+00
+46.5800E-06,+220.1005816E-03,+32.4291441702E+00
+46.6900E-06,+69.3468117E-03,+32.5798979402E+00
+46.8000E-06,+320.6030952E-03,+32.7306517101E+00
+46.9100E-06,+220.1005816E-03,+32.9819079936E+00
+47.0200E-06,+471.3568651E-03,+32.9819079936E+00
+47.1300E-06,+220.1005816E-03,+33.1326617635E+00
+47.2400E-06,+69.3468117E-03,+32.9819079936E+00
+47.3500E-06,+220.1005816E-03,+32.9819079936E+00
+47.4600E-06,+220.1005816E-03,+32.9819079936E+00
+47.5700E-06,+220.1005816E-03,+32.8311542236E+00
+47.6800E-06,+6.0492463556E+00,+23.9366817925E+00
+47.7900E-06,+31.4763822330E+00,+2.2783901655E+00
+47.9000E-06,+33.0341711902E+00,+1.6251238286E+00
+48.0100E-06,+32.9336686767E+00,+1.8763801121E+00
+48.1200E-06,+32.7829149067E+00,+2.0271338820E+00
+48.2300E-06,+32.7829149067E+00,+1.6251238286E+00
+48.3400E-06,+28.5115580900E+00,+10.7206012862E+00
+48.4500E-06,+1.5266332553E+00,+30.7206014431E+00
+48.5600E-06,+220.1005816E-03,+32.4291441702E+00
+48.6700E-06,+220.1005816E-03,+32.0271341168E+00
+48.7800E-06,+220.1005816E-03,+32.1778878868E+00
+48.8900E-06,+220.1005816E-03,+31.9266316033E+00
+49.0000E-06,+1.9788945652E+00,+28.2582898663E+00
+49.1100E-06,+27.5065329555E+00,+4.1376866625E+00
+49.2200E-06,+31.9788947999E+00,+1.7758775986E+00
+49.3300E-06,+32.2301510834E+00,+1.8763801121E+00
+49.4400E-06,+31.9788947999E+00,+1.7758775986E+00
+49.5500E-06,+32.2301510834E+00,+1.6251238286E+00
+49.6600E-06,+30.7226133833E+00,+7.2030133191E+00
+49.7700E-06,+5.7477388163E+00,+27.3035159889E+00
+49.8800E-06,+69.3468117E-03,+32.7306517101E+00
+49.9900E-06,+220.1005816E-03,+32.8311542236E+00
+50.1000E-06,+220.1005816E-03,+33.2331642770E+00
+50.2100E-06,+220.1005816E-03,+33.1326617635E+00
+50.3200E-06,+370.8543516E-03,+33.3839180470E+00
+50.4300E-06,+220.1005816E-03,+33.3839180470E+00
+50.5400E-06,+220.1005816E-03,+32.9819079936E+00
+50.6500E-06,+622.1106350E-03,+33.3839180470E+00
+50.7600E-06,+220.1005816E-03,+33.3839180470E+00
+50.8700E-06,+220.1005816E-03,+33.1326617635E+00
+50.9800E-06,+370.8543516E-03,+32.5296466837E+00
+51.0900E-06,+19.1145730906E+00,+9.8160786672E+00
+51.2000E-06,+33.1849249601E+00,+1.7758775986E+00
+51.3100E-06,+32.9336686767E+00,+1.7758775986E+00
+51.4200E-06,+32.9336686767E+00,+1.6251238286E+00
+51.5300E-06,+33.0341711902E+00,+1.2231137753E+00
+51.6400E-06,+32.0793973135E+00,+1.6251238286E+00
+51.7500E-06,+6.8532664630E+00,+821.1037219E-03
+51.8600E-06,+220.1005816E-03,+1.6251238286E+00
+51.9700E-06,+220.1005816E-03,+1.6251238286E+00
+52.0800E-06,+220.1005816E-03,+2.0271338820E+00
+52.1900E-06,+220.1005816E-03,+2.0271338820E+00
+52.3000E-06,+220.1005816E-03,+2.0271338820E+00
+52.4100E-06,+220.1005816E-03,+2.0271338820E+00
+52.5200E-06,+471.3568651E-03,+1.7758775986E+00
+52.6300E-06,+220.1005816E-03,+2.0271338820E+00
+52.7400E-06,+220.1005816E-03,+1.6251238286E+00
+52.8500E-06,+370.8543516E-03,+2.0271338820E+00
+52.9600E-06,+69.3468117E-03,+2.7306514753E+00
+53.0700E-06,+1.1748744584E+00,+21.3738677015E+00
+53.1800E-06,+370.8543516E-03,+32.5798979402E+00
+53.2900E-06,+220.1005816E-03,+32.5798979402E+00
+53.4000E-06,+471.3568651E-03,+32.9819079936E+00
+53.5100E-06,+220.1005816E-03,+33.2331642770E+00
+53.6200E-06,+471.3568651E-03,+32.9819079936E+00
+53.7300E-06,+220.1005816E-03,+32.4291441702E+00
+53.8400E-06,-31.1557018E-03,+31.9266316033E+00
+53.9500E-06,+220.1005816E-03,+31.3738677800E+00
+54.0600E-06,+69.3468117E-03,+31.5246215499E+00
+54.1700E-06,+69.3468117E-03,+31.5246215499E+00
+54.2800E-06,+69.3468117E-03,+31.1226114965E+00
+54.3900E-06,+220.1005816E-03,+31.3738677800E+00
+54.5000E-06,+220.1005816E-03,+31.3738677800E+00
+54.6100E-06,+220.1005816E-03,+31.6251240634E+00
+54.7200E-06,+220.1005816E-03,+31.1226114965E+00
+54.8300E-06,+370.8543516E-03,+31.1226114965E+00
+54.9400E-06,+69.3468117E-03,+31.2231140100E+00
+55.0500E-06,+220.1005816E-03,+31.3738677800E+00
+55.1600E-06,+4.5919599119E+00,+26.7507521663E+00
+55.2700E-06,+26.9035178757E+00,+6.5999982393E+00
+55.3800E-06,+32.6321611368E+00,+1.2231137753E+00
+55.4900E-06,+32.6321611368E+00,+1.4743700587E+00
+55.6000E-06,+32.5316586233E+00,+1.2231137753E+00
+55.7100E-06,+32.6321611368E+00,+1.2231137753E+00
+55.8200E-06,+30.6723621269E+00,+3.1829127851E+00
+55.9300E-06,+5.6472363029E+00,+26.1979883422E+00
+56.0400E-06,-433.1657552E-03,+32.8311542236E+00
+56.1500E-06,-583.9195251E-03,+32.5798979402E+00
+56.2600E-06,-583.9195251E-03,+32.8311542236E+00
+56.3700E-06,-583.9195251E-03,+32.6804004537E+00
+56.4800E-06,+571.8593779E-03,+31.5246215506E+00
+56.5900E-06,+26.2502515389E+00,+7.3537670897E+00
+56.7000E-06,+33.1849249601E+00,+821.1037219E-03
+56.8100E-06,+32.5316586233E+00,+1.2231137753E+00
+56.9200E-06,+32.6321611368E+00,+1.2231137753E+00
+57.0300E-06,+33.0341711902E+00,+971.8574918E-03
+57.1400E-06,+32.3306535969E+00,+1.5246213151E+00
+57.2500E-06,+9.2653267842E+00,+22.5798978609E+00
+57.3600E-06,-583.9195251E-03,+32.8311542236E+00
+57.4700E-06,-583.9195251E-03,+32.5798979402E+00
+57.5800E-06,-181.9094718E-03,+32.5798979402E+00
+57.6900E-06,-583.9195251E-03,+32.4793954266E+00
+57.8000E-06,-583.9195251E-03,+32.4291441702E+00
+57.9100E-06,+22.3809047741E+00,+11.0723600846E+00
+58.0200E-06,+33.0341711902E+00,+971.8574918E-03
+58.1300E-06,+32.7829149067E+00,+821.1037219E-03
+58.2400E-06,+32.7829149067E+00,+1.2231137753E+00
+58.3500E-06,+32.3809048533E+00,+1.3738675452E+00
+58.4600E-06,+32.7829149067E+00,+1.3738675452E+00
+58.5700E-06,+11.8783921301E+00,+20.1175862849E+00
+58.6800E-06,-583.9195251E-03,+32.5798979402E+00
+58.7900E-06,-583.9195251E-03,+32.1778878868E+00
+58.9000E-06,-583.9195251E-03,+32.5798979402E+00
+59.0100E-06,-583.9195251E-03,+32.7306517101E+00
+59.1200E-06,-433.1657552E-03,+32.5798979402E+00
+59.2300E-06,+19.1648243477E+00,+13.3839178907E+00
+59.3400E-06,+33.2854274737E+00,+821.1037219E-03
+59.4500E-06,+32.7829149067E+00,+1.2231137753E+00
+59.5600E-06,+32.7829149067E+00,+971.8574918E-03
+59.6700E-06,+32.9336686767E+00,+971.8574918E-03
+59.7800E-06,+32.7829149067E+00,+1.3236162888E+00
+59.8900E-06,+32.6321611368E+00,+971.8574918E-03
+60.0000E-06,+32.7829149067E+00,+1.2231137753E+00
+60.1100E-06,+32.7829149067E+00,+1.2231137753E+00
+60.2200E-06,+32.6321611368E+00,+1.2231137753E+00
+60.3300E-06,+32.7829149067E+00,+1.2231137753E+00
+60.4400E-06,+32.7829149067E+00,+1.2231137753E+00
+60.5500E-06,+14.4914574776E+00,+17.6552747073E+00
+60.6600E-06,-985.9295785E-03,+32.5798979402E+00
+60.7700E-06,-433.1657552E-03,+32.9819079936E+00
+60.8800E-06,-583.9195251E-03,+32.5798979402E+00
+60.9900E-06,-583.9195251E-03,+32.7306517101E+00
+61.1000E-06,-583.9195251E-03,+32.5798979402E+00
+61.2100E-06,-583.9195251E-03,+32.5798979402E+00
+61.3200E-06,-433.1657552E-03,+32.5798979402E+00
+61.4300E-06,-332.6632417E-03,+32.5798979402E+00
+61.5400E-06,-583.9195251E-03,+32.8311542236E+00
+61.6500E-06,-835.1758086E-03,+32.5798979402E+00
+61.7600E-06,-332.6632417E-03,+32.5798979402E+00
+61.8700E-06,+13.2351760603E+00,+19.3135661781E+00
+61.9800E-06,+33.4361812436E+00,+1.2231137753E+00
+62.0900E-06,+32.7829149067E+00,+1.2231137753E+00
+62.2000E-06,+32.7829149067E+00,+1.2231137753E+00
+62.3100E-06,+32.7829149067E+00,+1.2231137753E+00
+62.4200E-06,+32.7829149067E+00,+821.1037219E-03
+62.5300E-06,+19.6170856582E+00,+13.1829128636E+00
+62.6400E-06,-1.3879396319E+00,+32.8311542236E+00
+62.7500E-06,-583.9195251E-03,+32.5798979402E+00
+62.8600E-06,-332.6632417E-03,+32.5798979402E+00
+62.9700E-06,-181.9094718E-03,+32.7306517101E+00
+63.0800E-06,-583.9195251E-03,+32.5798979402E+00
+63.1900E-06,-332.6632417E-03,+32.3286416567E+00
+63.3000E-06,-433.1657552E-03,+32.7306517101E+00
+63.4100E-06,-433.1657552E-03,+32.5798979402E+00
+63.5200E-06,-583.9195251E-03,+32.5798979402E+00
+63.6300E-06,-433.1657552E-03,+32.8311542236E+00
+63.7400E-06,-433.1657552E-03,+32.5798979402E+00
+63.8500E-06,+9.3658292954E+00,+22.3788928361E+00
+63.9600E-06,+33.3356787301E+00,+670.3499519E-03
+64.0700E-06,+32.7829149067E+00,+821.1037219E-03
+64.1800E-06,+32.7829149067E+00,+821.1037219E-03
+64.2900E-06,+32.7829149067E+00,+821.1037219E-03
+64.4000E-06,+32.7829149067E+00,+1.2231137753E+00
+64.5100E-06,+33.0341711902E+00,+1.0723600053E+00
+64.6200E-06,+32.5316586233E+00,+1.0723600053E+00
+64.7300E-06,+33.0341711902E+00,+1.2231137753E+00
+64.8400E-06,+32.7829149067E+00,+1.0723600053E+00
+64.9500E-06,+32.3809048533E+00,+971.8574918E-03
+65.0600E-06,+32.5316586233E+00,+1.2231137753E+00
+65.1700E-06,+32.7829149067E+00,+971.8574918E-03
+65.2800E-06,+32.7829149067E+00,+1.3738675452E+00
+65.3900E-06,+32.3809048533E+00,+1.2231137753E+00
+65.5000E-06,+32.7829149067E+00,+1.2231137753E+00
+65.6100E-06,+32.7829149067E+00,+821.1037219E-03
+65.7200E-06,+32.7829149067E+00,+1.3236162888E+00
+65.8300E-06,+27.8582917532E+00,+1.6251238286E+00
+65.9400E-06,+3.3356784961E+00,+167.8373850E-03
+66.0500E-06,-181.9094718E-03,+1.4743700587E+00
+66.1600E-06,-433.1657552E-03,+821.1037219E-03
+66.2700E-06,-583.9195251E-03,+1.2231137753E+00
+66.3800E-06,-181.9094718E-03,+1.2231137753E+00
+66.4900E-06,-332.6632417E-03,+1.2231137753E+00
+66.6000E-06,-332.6632417E-03,+1.2231137753E+00
+66.7100E-06,-332.6632417E-03,+1.2231137753E+00
+66.8200E-06,-332.6632417E-03,+1.4743700587E+00
+66.9300E-06,-181.9094718E-03,+1.2231137753E+00
+67.0400E-06,-181.9094718E-03,+1.2231137753E+00
+67.1500E-06,-734.6732951E-03,+2.5798977046E+00
+67.2600E-06,-181.9094718E-03,+27.0020084490E+00
+67.3700E-06,-332.6632417E-03,+32.4291441702E+00
+67.4800E-06,-583.9195251E-03,+32.7306517101E+00
+67.5900E-06,-181.9094718E-03,+32.9819079936E+00
+67.7000E-06,-332.6632417E-03,+32.5798979402E+00
+67.8100E-06,-181.9094718E-03,+32.6804004537E+00
+67.9200E-06,-332.6632417E-03,+31.7758778334E+00
+68.0300E-06,-583.9195251E-03,+31.3738677800E+00
+68.1400E-06,-583.9195251E-03,+31.3738677800E+00
+68.2500E-06,-583.9195251E-03,+31.1226114965E+00
+68.3600E-06,-332.6632417E-03,+31.3738677800E+00
+68.4700E-06,-181.9094718E-03,+31.1226114965E+00
+68.5800E-06,-181.9094718E-03,+31.1226114965E+00
+68.6900E-06,-433.1657552E-03,+30.9718577266E+00
+68.8000E-06,-433.1657552E-03,+30.9718577266E+00
+68.9100E-06,-332.6632417E-03,+30.9718577266E+00
+69.0200E-06,+69.3468117E-03,+30.9718577266E+00
+69.1300E-06,-31.1557018E-03,+30.9718577266E+00
+69.2400E-06,-332.6632417E-03,+30.8211039567E+00
+69.3500E-06,+9.0643217555E+00,+23.5849229964E+00
+69.4600E-06,+33.3356787301E+00,+921.6062354E-03
+69.5700E-06,+33.1849249601E+00,+971.8574918E-03
+69.6800E-06,+32.9336686767E+00,+821.1037219E-03
+69.7900E-06,+32.9336686767E+00,+1.1226112617E+00
+69.9000E-06,+32.6321611368E+00,+1.2231137753E+00
+70.0100E-06,+25.1447238930E+00,+8.1577871957E+00
+70.1200E-06,-734.6732951E-03,+32.3286416567E+00
+70.2300E-06,-583.9195251E-03,+32.8311542236E+00
+70.3400E-06,-332.6632417E-03,+32.8311542236E+00
+70.4500E-06,-583.9195251E-03,+32.5798979402E+00
+70.5600E-06,-181.9094718E-03,+32.5798979402E+00
+70.6700E-06,+5.9989950991E+00,+25.8462295460E+00
+70.7800E-06,+29.9185932749E+00,+3.8361791236E+00
+70.8900E-06,+33.0341711902E+00,+1.0723600053E+00
+71.0000E-06,+32.7829149067E+00,+821.1037219E-03
+71.1100E-06,+33.1849249601E+00,+971.8574918E-03
+71.2200E-06,+32.9336686767E+00,+1.2231137753E+00
+71.3300E-06,+27.9587942668E+00,+5.2432143084E+00
+71.4400E-06,+3.6874372931E+00,+27.9065310685E+00
+71.5500E-06,-583.9195251E-03,+32.5798979402E+00
+71.6600E-06,-835.1758086E-03,+32.8311542236E+00
+71.7700E-06,-583.9195251E-03,+32.5798979402E+00
+71.8800E-06,-583.9195251E-03,+32.8311542236E+00
+71.9900E-06,+2.6824121575E+00,+28.6602999206E+00
+72.1000E-06,+26.7527641058E+00,+6.5999982393E+00
+72.2100E-06,+32.7829149067E+00,+1.2231137753E+00
+72.3200E-06,+32.7829149067E+00,+1.2231137753E+00
+72.4300E-06,+32.7829149067E+00,+1.0723600053E+00
+72.5400E-06,+33.0341711902E+00,+821.1037219E-03
+72.6500E-06,+30.6723621271E+00,+2.9316565015E+00
+72.7600E-06,+5.2954775059E+00,+26.7005009091E+00
+72.8700E-06,-583.9195251E-03,+32.5798979402E+00
+72.9800E-06,-433.1657552E-03,+32.5798979402E+00
+73.0900E-06,-583.9195251E-03,+32.5798979402E+00
+73.2000E-06,-181.9094718E-03,+32.5798979402E+00
+73.3100E-06,-31.1557018E-03,+32.1276366304E+00
+73.4200E-06,+23.6874374477E+00,+9.6653248974E+00
+73.5300E-06,+33.0341711902E+00,+1.0723600053E+00
+73.6400E-06,+32.7829149067E+00,+1.2231137753E+00
+73.7500E-06,+32.6321611368E+00,+1.3738675452E+00
+73.8600E-06,+32.5316586233E+00,+821.1037219E-03
+73.9700E-06,+32.7829149067E+00,+971.8574918E-03
+74.0800E-06,+32.7829149067E+00,+821.1037219E-03
+74.1900E-06,+32.7829149067E+00,+1.0723600053E+00
+74.3000E-06,+33.0341711902E+00,+821.1037219E-03
+74.4100E-06,+32.7829149067E+00,+971.8574918E-03
+74.5200E-06,+33.1849249601E+00,+1.2231137753E+00
+74.6300E-06,+33.0341711902E+00,+821.1037219E-03
+74.7400E-06,+32.9336686767E+00,+821.1037219E-03
+74.8500E-06,+32.7829149067E+00,+821.1037219E-03
+74.9600E-06,+32.7829149067E+00,+971.8574918E-03
+75.0700E-06,+32.7829149067E+00,+1.2231137753E+00
+75.1800E-06,+32.7829149067E+00,+1.4743700587E+00
+75.2900E-06,+32.6321611368E+00,+1.2231137753E+00
+75.4000E-06,+11.8783921301E+00,+20.5195963383E+00
+75.5100E-06,-835.1758086E-03,+32.7306517101E+00
+75.6200E-06,-583.9195251E-03,+32.5798979402E+00
+75.7300E-06,-332.6632417E-03,+32.5798979402E+00
+75.8400E-06,-583.9195251E-03,+32.3286416567E+00
+75.9500E-06,-583.9195251E-03,+32.5798979402E+00
+76.0600E-06,+19.5668344010E+00,+13.3839178907E+00
+76.1700E-06,+33.3356787300E+00,+1.0723600053E+00
+76.2800E-06,+32.7829149067E+00,+821.1037219E-03
+76.3900E-06,+32.7829149067E+00,+971.8574918E-03
+76.5000E-06,+33.0341711902E+00,+821.1037219E-03
+76.6100E-06,+32.5316586233E+00,+1.2231137753E+00
+76.7200E-06,+32.7829149067E+00,+821.1037219E-03
+76.8300E-06,+32.3809048533E+00,+1.2231137753E+00
+76.9400E-06,+32.5316586233E+00,+1.2231137753E+00
+77.0500E-06,+32.5316586233E+00,+1.2231137753E+00
+77.1600E-06,+32.5316586233E+00,+971.8574918E-03
+77.2700E-06,+32.6321611368E+00,+1.2231137753E+00
+77.3800E-06,+16.0994976912E+00,+16.2984907772E+00
+77.4900E-06,-835.1758086E-03,+32.5798979402E+00
+77.6000E-06,-583.9195251E-03,+32.5798979402E+00
+77.7100E-06,-583.9195251E-03,+32.3286416567E+00
+77.8200E-06,-583.9195251E-03,+32.5798979402E+00
+77.9300E-06,-583.9195251E-03,+32.8311542236E+00
+78.0400E-06,-332.6632417E-03,+32.5798979402E+00
+78.1500E-06,-583.9195251E-03,+32.5798979402E+00
+78.2600E-06,-583.9195251E-03,+32.5798979402E+00
+78.3700E-06,-433.1657552E-03,+32.8311542236E+00
+78.4800E-06,-332.6632417E-03,+32.5798979402E+00
+78.5900E-06,-332.6632417E-03,+32.7306517101E+00
+78.7000E-06,-433.1657552E-03,+32.5798979402E+00
+78.8100E-06,-583.9195251E-03,+32.4291441702E+00
+78.9200E-06,-433.1657552E-03,+32.5798979402E+00
+79.0300E-06,-332.6632417E-03,+32.5798979402E+00
+79.1400E-06,-181.9094718E-03,+32.5798979402E+00
+79.2500E-06,-181.9094718E-03,+32.7306517101E+00
+79.3600E-06,+12.4814072098E+00,+20.0673350285E+00
+79.4700E-06,+33.7376887834E+00,+318.5911549E-03
+79.5800E-06,+33.1849249601E+00,+1.2231137753E+00
+79.6900E-06,+32.6321611368E+00,+1.2231137753E+00
+79.8000E-06,+32.9336686766E+00,+1.2231137753E+00
+79.9100E-06,+32.9336686766E+00,+1.2231137753E+00
+80.0200E-06,+32.6321611368E+00,+1.4743700587E+00
+80.1300E-06,+32.3809048533E+00,+1.0723600053E+00
+80.2400E-06,+32.6321611368E+00,+1.2231137753E+00
+80.3500E-06,+32.7829149067E+00,+1.2231137753E+00
+80.4600E-06,+32.6321611368E+00,+1.4743700587E+00
+80.5700E-06,+32.3809048533E+00,+1.4743700587E+00
+80.6800E-06,+32.7829149067E+00,+1.2231137753E+00
+80.7900E-06,+32.7829149067E+00,+971.8574918E-03
+80.9000E-06,+32.7829149067E+00,+821.1037219E-03
+81.0100E-06,+32.8834174203E+00,+971.8574918E-03
+81.1200E-06,+32.7829149067E+00,+821.1037219E-03
+81.2300E-06,+32.7829149067E+00,+1.2231137753E+00
+81.3400E-06,+25.3457289194E+00,+7.7055258859E+00
+81.4500E-06,+722.6131486E-03,+31.0221089829E+00
+81.5600E-06,-433.1657552E-03,+32.7306517101E+00
+81.6700E-06,-583.9195251E-03,+32.5798979402E+00
+81.7800E-06,-583.9195251E-03,+32.7306517101E+00
+81.8900E-06,-332.6632417E-03,+32.3286416567E+00
+82.0000E-06,+6.4010051525E+00,+26.2482395994E+00
+82.1100E-06,+28.7125631146E+00,+5.0422092839E+00
+82.2200E-06,+32.5316586233E+00,+1.2231137753E+00
+82.3300E-06,+33.0341711902E+00,+971.8574918E-03
+82.4400E-06,+32.7829149067E+00,+821.1037219E-03
+82.5500E-06,+32.7829149067E+00,+1.2231137753E+00
+82.6600E-06,+28.5115580902E+00,+4.8412042549E+00
+82.7700E-06,+5.2954775059E+00,+26.8010034227E+00
+82.8800E-06,-583.9195251E-03,+32.5798979402E+00
+82.9900E-06,-583.9195251E-03,+32.5798979402E+00
+83.1000E-06,-181.9094718E-03,+32.5798979402E+00
+83.2100E-06,-583.9195251E-03,+32.5798979402E+00
+83.3200E-06,-181.9094718E-03,+32.4291441703E+00
+83.4300E-06,-433.1657552E-03,+32.5798979402E+00
+83.5400E-06,-433.1657552E-03,+32.7306517101E+00
+83.6500E-06,-332.6632417E-03,+32.8311542236E+00
+83.7600E-06,-332.6632417E-03,+32.5798979402E+00
+83.8700E-06,-433.1657552E-03,+32.5798979402E+00
+83.9800E-06,+471.3568642E-03,+31.7758778343E+00
+84.0900E-06,+26.5015078223E+00,+6.9517570364E+00
+84.2000E-06,+33.1849249601E+00,+821.1037219E-03
+84.3100E-06,+33.1849249601E+00,+971.8574918E-03
+84.4200E-06,+32.7829149067E+00,+821.1037219E-03
+84.5300E-06,+32.9336686766E+00,+821.1037219E-03
+84.6400E-06,+33.1849249601E+00,+1.1226112617E+00
+84.7500E-06,+8.4613066777E+00,+23.5346717373E+00
+84.8600E-06,-583.9195251E-03,+32.5798979402E+00
+84.9700E-06,-583.9195251E-03,+32.7306517101E+00
+85.0800E-06,-583.9195251E-03,+32.4291441703E+00
+85.1900E-06,-181.9094718E-03,+32.5798979402E+00
+85.3000E-06,-583.9195251E-03,+32.5798979402E+00
+85.4100E-06,-181.9094718E-03,+32.5798979402E+00
+85.5200E-06,-181.9094718E-03,+32.9819079936E+00
+85.6300E-06,-433.1657552E-03,+32.7306517101E+00
+85.7400E-06,-583.9195251E-03,+32.5798979402E+00
+85.8500E-06,-181.9094718E-03,+32.5798979402E+00
+85.9600E-06,-332.6632417E-03,+32.4291441703E+00
+86.0700E-06,+20.2201007379E+00,+12.8814053237E+00
+86.1800E-06,+33.1849249601E+00,+971.8574918E-03
+86.2900E-06,+32.7829149067E+00,+1.2231137753E+00
+86.4000E-06,+32.7829149067E+00,+1.2231137753E+00
+86.5100E-06,+32.7829149067E+00,+1.2231137753E+00
+86.6200E-06,+32.5316586232E+00,+1.3738675452E+00
+86.7300E-06,+12.6321609806E+00,+19.6150737179E+00
+86.8400E-06,-835.1758086E-03,+32.9819079936E+00
+86.9500E-06,-583.9195251E-03,+32.4291441703E+00
+87.0600E-06,-433.1657552E-03,+32.7306517101E+00
+87.1700E-06,-583.9195251E-03,+32.7306517101E+00
+87.2800E-06,-583.9195251E-03,+32.9819079936E+00
+87.3900E-06,+18.0090454437E+00,+14.9417068480E+00
+87.5000E-06,+33.5869350135E+00,+971.8574918E-03
+87.6100E-06,+33.2854274737E+00,+1.2231137753E+00
+87.7200E-06,+32.9336686766E+00,+1.2231137753E+00
+87.8300E-06,+32.7829149067E+00,+1.0723600054E+00
+87.9400E-06,+32.7829149067E+00,+1.2231137753E+00
+88.0500E-06,+33.0341711902E+00,+1.2231137753E+00
+88.1600E-06,+32.7829149067E+00,+1.2231137753E+00
+88.2700E-06,+32.3809048533E+00,+1.2231137753E+00
+88.3800E-06,+32.7829149067E+00,+1.2231137753E+00
+88.4900E-06,+32.7829149067E+00,+1.2231137753E+00
+88.6000E-06,+32.7829149067E+00,+1.2231137753E+00
+88.7100E-06,+32.6321611368E+00,+971.8574918E-03
+88.8200E-06,+32.6321611368E+00,+1.2231137753E+00
+88.9300E-06,+32.7829149067E+00,+1.2231137753E+00
+89.0400E-06,+32.7829149067E+00,+1.2231137753E+00
+89.1500E-06,+32.7829149067E+00,+971.8574918E-03
+89.2600E-06,+32.6321611368E+00,+1.2231137753E+00
+89.3700E-06,+32.7829149067E+00,+1.2231137753E+00
+89.4800E-06,+32.7829149067E+00,+1.0723600054E+00
+89.5900E-06,+32.7829149067E+00,+1.2231137753E+00
+89.7000E-06,+32.3809048533E+00,+1.3738675452E+00
+89.8100E-06,+32.6321611368E+00,+1.2231137753E+00
+89.9200E-06,+32.7829149067E+00,+1.2231137753E+00
+90.0300E-06,+32.5316586232E+00,+1.2231137753E+00
+90.1400E-06,+32.7829149067E+00,+1.0723600054E+00
+90.2500E-06,+32.7829149067E+00,+1.2231137753E+00
+90.3600E-06,+32.7829149067E+00,+1.2231137753E+00
+90.4700E-06,+33.0341711902E+00,+1.0723600054E+00
+90.5800E-06,+32.7829149067E+00,+1.2231137753E+00
+90.6900E-06,+20.2201007389E+00,+821.1037219E-03
+90.8000E-06,-1.6894471717E+00,+519.5961821E-03
+90.9100E-06,-332.6632416E-03,+821.1037219E-03
+91.0200E-06,-332.6632416E-03,+1.2231137753E+00
+91.1300E-06,-583.9195251E-03,+971.8574918E-03
+91.2400E-06,-433.1657552E-03,+1.2231137753E+00
+91.3500E-06,-181.9094718E-03,+1.3738675452E+00
+91.4600E-06,-181.9094718E-03,+1.2231137753E+00
+91.5700E-06,-583.9195251E-03,+1.6251238286E+00
+91.6800E-06,-433.1657552E-03,+1.3738675452E+00
+91.7900E-06,+69.3468117E-03,+1.2231137753E+00
+91.9000E-06,-332.6632416E-03,+1.2231137753E+00
+92.0100E-06,-583.9195251E-03,+7.4542696024E+00
+92.1200E-06,-181.9094718E-03,+32.4793954266E+00
+92.2300E-06,-433.1657552E-03,+32.8311542237E+00
+92.3400E-06,-332.6632416E-03,+32.5798979402E+00
+92.4500E-06,-433.1657552E-03,+32.5798979402E+00
+92.5600E-06,-433.1657553E-03,+32.5798979402E+00
+92.6700E-06,-433.1657553E-03,+32.4291441703E+00
+92.7800E-06,-181.9094718E-03,+31.3738677800E+00
+92.8900E-06,-181.9094718E-03,+30.9718577266E+00
+93.0000E-06,-583.9195251E-03,+30.9718577266E+00
+93.1100E-06,-181.9094718E-03,+30.8211039567E+00
+93.2200E-06,-332.6632416E-03,+30.9718577266E+00
+93.3300E-06,-181.9094718E-03,+30.8211039567E+00
+93.4400E-06,-181.9094718E-03,+31.1226114965E+00
+93.5500E-06,-181.9094718E-03,+30.8211039567E+00
+93.6600E-06,-181.9094718E-03,+30.7206014431E+00
+93.7700E-06,-181.9094718E-03,+30.5698476732E+00
+93.8800E-06,-31.1557019E-03,+30.7206014431E+00
+93.9900E-06,-181.9094718E-03,+30.8211039567E+00
+94.1000E-06,-181.9094718E-03,+30.4693451596E+00
+94.2100E-06,-31.1557019E-03,+30.5698476732E+00
+94.3200E-06,-181.9094718E-03,+30.8211039567E+00
+94.4300E-06,-181.9094718E-03,+30.5698476732E+00
+94.5400E-06,-31.1557019E-03,+30.1678376198E+00
+94.6500E-06,+220.1005816E-03,+30.5698476732E+00
+94.7600E-06,+220.1005816E-03,+30.1678376198E+00
+94.8700E-06,-181.9094718E-03,+30.5698476732E+00
+94.9800E-06,+220.1005816E-03,+30.9718577266E+00
+95.0900E-06,+220.1005816E-03,+32.1778878868E+00
+95.2000E-06,+220.1005816E-03,+31.9266316033E+00
+95.3100E-06,+622.1106350E-03,+32.1778878868E+00
+95.4200E-06,+471.3568651E-03,+32.1778878868E+00
+95.5300E-06,+69.3468118E-03,+32.1778878868E+00
+95.6400E-06,+220.1005816E-03,+31.5246215499E+00
+95.7500E-06,+15.0944725563E+00,+12.3286415015E+00
+95.8600E-06,+32.5316586232E+00,+2.0271338820E+00
+95.9700E-06,+32.6321611368E+00,+1.6251238286E+00
+96.0800E-06,+32.7829149067E+00,+1.7758775985E+00
+96.1900E-06,+32.7829149067E+00,+2.0271338820E+00
+96.3000E-06,+32.5316586232E+00,+4.9919580257E+00
+96.4100E-06,+11.6271358477E+00,+23.1326616848E+00
+96.5200E-06,+471.3568652E-03,+32.7306517101E+00
+96.6300E-06,+471.3568652E-03,+32.9819079936E+00
+96.7400E-06,+220.1005816E-03,+32.9819079936E+00
+96.8500E-06,+69.3468118E-03,+32.5798979402E+00
+96.9600E-06,+471.3568652E-03,+32.9819079936E+00
+97.0700E-06,+11.1246232796E+00,+17.6552747082E+00
+97.1800E-06,+32.3809048533E+00,+2.0271338820E+00
+97.2900E-06,+32.3809048533E+00,+1.6251238286E+00
+97.4000E-06,+32.5316586232E+00,+1.6251238286E+00
+97.5100E-06,+32.5316586232E+00,+1.3738675451E+00
+97.6200E-06,+32.3809048533E+00,+2.1778876519E+00
+97.7300E-06,+19.2150756059E+00,+18.2080385305E+00
+97.8400E-06,+220.1005816E-03,+32.1778878868E+00
+97.9500E-06,-181.9094718E-03,+32.1778878868E+00
+98.0600E-06,+220.1005816E-03,+32.0773853732E+00
+98.1700E-06,+220.1005816E-03,+32.1778878868E+00
+98.2800E-06,+220.1005816E-03,+32.1778878868E+00
+98.3900E-06,+5.6974875582E+00,+23.4844204830E+00
+98.5000E-06,+30.9236184096E+00,+2.6804002189E+00
+98.6100E-06,+32.5316586232E+00,+1.7758775985E+00
+98.7200E-06,+32.5316586232E+00,+2.0271338820E+00
+98.8300E-06,+32.7829149067E+00,+1.7758775985E+00
+98.9400E-06,+32.7829149067E+00,+1.6251238286E+00
+99.0500E-06,+25.0944726359E+00,+14.1376867402E+00
+99.1600E-06,+622.1106350E-03,+31.9266316033E+00
+99.2700E-06,+370.8543515E-03,+32.5798979402E+00
+99.3800E-06,+622.1106350E-03,+32.5798979402E+00
+99.4900E-06,+220.1005816E-03,+32.4291441703E+00
+99.6000E-06,+471.3568652E-03,+32.5798979402E+00
+99.7100E-06,+2.9336684418E+00,+27.4542697596E+00
+99.8200E-06,+29.0643219126E+00,+3.4844203257E+00
+99.9300E-06,+32.3809048533E+00,+2.0271338820E+00
+100.0400E-06,+32.3809048533E+00,+1.7758775985E+00
+100.1500E-06,+32.1296485698E+00,+2.0271338820E+00
+100.2600E-06,+32.3809048533E+00,+2.0271338820E+00
+100.3700E-06,+32.3809048533E+00,+1.6251238286E+00
+100.4800E-06,+32.3809048533E+00,+1.7758775985E+00
+100.5900E-06,+31.9788947999E+00,+1.6251238286E+00
+100.7000E-06,+32.3809048533E+00,+1.6251238286E+00
+100.8100E-06,+32.3809048533E+00,+1.6251238286E+00
+100.9200E-06,+32.6321611369E+00,+1.6251238286E+00
+101.0300E-06,+30.9738696670E+00,+7.3537670887E+00
+101.1400E-06,+3.5366835224E+00,+29.3638175130E+00
+101.2500E-06,+471.3568652E-03,+32.7306517100E+00
+101.3600E-06,+220.1005816E-03,+32.7306517100E+00
+101.4700E-06,+370.8543515E-03,+32.9819079936E+00
+101.5800E-06,+69.3468118E-03,+32.7306517100E+00
+101.6900E-06,+220.1005816E-03,+32.7306517100E+00
+101.8000E-06,+370.8543515E-03,+32.8311542237E+00
+101.9100E-06,+220.1005816E-03,+32.9819079936E+00
+102.0200E-06,+220.1005816E-03,+32.9819079936E+00
+102.1300E-06,+220.1005816E-03,+32.9819079936E+00
+102.2400E-06,+69.3468118E-03,+32.9819079936E+00
+102.3500E-06,+471.3568652E-03,+32.1276366305E+00
+102.4600E-06,+18.5618092669E+00,+9.7155761539E+00
+102.5700E-06,+32.5316586232E+00,+1.6251238286E+00
+102.6800E-06,+32.7829149067E+00,+1.7758775985E+00
+102.7900E-06,+32.5316586232E+00,+1.7758775985E+00
+102.9000E-06,+32.2301510835E+00,+1.7758775985E+00
+103.0100E-06,+32.3809048533E+00,+2.0271338820E+00
+103.1200E-06,+31.9788947999E+00,+2.0271338820E+00
+103.2300E-06,+31.8281410301E+00,+1.8763801122E+00
+103.3400E-06,+32.2301510835E+00,+1.8763801122E+00
+103.4500E-06,+31.9788947999E+00,+1.7758775985E+00
+103.5600E-06,+32.1296485698E+00,+2.0271338820E+00
+103.6700E-06,+31.9788947999E+00,+1.6251238286E+00
+103.7800E-06,+32.3809048533E+00,+1.6251238286E+00
+103.8900E-06,+32.3809048533E+00,+1.6251238286E+00
+104.0000E-06,+32.3809048533E+00,+1.6251238286E+00
+104.1100E-06,+32.7829149067E+00,+2.0271338820E+00
+104.2200E-06,+32.7829149067E+00,+1.8763801122E+00
+104.3300E-06,+32.7829149067E+00,+3.1326615286E+00
+104.4400E-06,+15.4964826118E+00,+21.0221089042E+00
+104.5500E-06,+220.1005816E-03,+33.1326617634E+00
+104.6600E-06,+320.6030953E-03,+33.1326617634E+00
+104.7700E-06,+220.1005816E-03,+33.1326617634E+00
+104.8800E-06,+471.3568652E-03,+32.9819079936E+00
+104.9900E-06,+69.3468118E-03,+32.9819079936E+00
+105.1000E-06,+220.1005816E-03,+32.8311542237E+00
+105.2100E-06,+220.1005816E-03,+32.8311542237E+00
+105.3200E-06,+471.3568652E-03,+32.7306517100E+00
+105.4300E-06,+220.1005816E-03,+32.9819079936E+00
+105.5400E-06,+471.3568652E-03,+32.5798979402E+00
+105.6500E-06,+370.8543515E-03,+32.5798979402E+00
+105.7600E-06,+8.1095478786E+00,+21.7256264996E+00
+105.8700E-06,+31.7276385164E+00,+2.4291439354E+00
+105.9800E-06,+32.6321611369E+00,+1.7758775985E+00
+106.0900E-06,+32.3809048533E+00,+1.6251238286E+00
+106.2000E-06,+32.3809048533E+00,+2.0271338820E+00
+106.3100E-06,+32.3809048533E+00,+2.0271338820E+00
+106.4200E-06,+24.2402012729E+00,+1.2231137753E+00
+106.5300E-06,+471.3568652E-03,+1.6251238286E+00
+106.6400E-06,+220.1005816E-03,+1.6251238286E+00
+106.7500E-06,+471.3568652E-03,+2.0271338820E+00
+106.8600E-06,+220.1005816E-03,+1.6251238286E+00
+106.9700E-06,+471.3568652E-03,+1.7758775985E+00
+107.0800E-06,+220.1005816E-03,+1.8763801122E+00
+107.1900E-06,+370.8543515E-03,+2.0271338820E+00
+107.3000E-06,+370.8543515E-03,+1.6251238286E+00
+107.4100E-06,+622.1106350E-03,+2.0271338820E+00
+107.5200E-06,+220.1005816E-03,+1.8763801122E+00
+107.6300E-06,+220.1005816E-03,+1.7758775985E+00
+107.7400E-06,+370.8543515E-03,+9.0623098159E+00
+107.8500E-06,+873.3669186E-03,+32.0773853731E+00
+107.9600E-06,+220.1005816E-03,+33.1326617634E+00
+108.0700E-06,+220.1005816E-03,+33.3839180470E+00
+108.1800E-06,+220.1005816E-03,+32.9819079936E+00
+108.2900E-06,+220.1005816E-03,+33.1326617634E+00
+108.4000E-06,+220.1005816E-03,+32.5798979402E+00
+108.5100E-06,-31.1557019E-03,+31.9266316032E+00
+108.6200E-06,+69.3468118E-03,+31.5246215499E+00
+108.7300E-06,+220.1005816E-03,+31.2231140101E+00
+108.8400E-06,+471.3568652E-03,+30.9718577266E+00
+108.9500E-06,-31.1557019E-03,+30.9718577266E+00
+109.0600E-06,+220.1005816E-03,+31.1226114965E+00
+109.1700E-06,-31.1557019E-03,+31.1226114965E+00
+109.2800E-06,+220.1005816E-03,+30.7206014431E+00
+109.3900E-06,+370.8543515E-03,+31.1226114965E+00
+109.5000E-06,+471.3568652E-03,+30.9718577266E+00
+109.6100E-06,+220.1005816E-03,+30.9718577266E+00
+109.7200E-06,+220.1005816E-03,+30.9718577266E+00
+109.8300E-06,+220.1005816E-03,+30.7206014431E+00
+109.9400E-06,+220.1005816E-03,+30.9718577266E+00
+110.0500E-06,+220.1005816E-03,+30.9718577266E+00
+110.1600E-06,+220.1005816E-03,+30.7206014431E+00
+110.2700E-06,+622.1106350E-03,+30.5698476732E+00
+110.3800E-06,+220.1005816E-03,+30.5698476732E+00
+110.4900E-06,+220.1005816E-03,+30.8211039567E+00
+110.6000E-06,+220.1005816E-03,+30.9718577266E+00
+110.7100E-06,+220.1005816E-03,+30.5698476732E+00
+110.8200E-06,+220.1005816E-03,+30.5698476732E+00
+110.9300E-06,-181.9094718E-03,+30.5698476732E+00
+111.0400E-06,+370.8543515E-03,+30.8211039567E+00
+111.1500E-06,+220.1005816E-03,+30.9718577266E+00
+111.2600E-06,+220.1005816E-03,+30.5698476732E+00
+111.3700E-06,+220.1005816E-03,+30.7206014431E+00
+111.4800E-06,+370.8543515E-03,+30.5698476732E+00
+111.5900E-06,-31.1557019E-03,+30.8211039567E+00
+111.7000E-06,-181.9094718E-03,+30.7206014431E+00
+111.8100E-06,+220.1005816E-03,+30.4190939033E+00
+111.9200E-06,+220.1005816E-03,+30.1678376198E+00
+112.0300E-06,-31.1557019E-03,+30.5698476732E+00
+112.1400E-06,+220.1005816E-03,+30.5698476732E+00
+112.2500E-06,+220.1005816E-03,+30.5698476732E+00
+112.3600E-06,-31.1557019E-03,+30.5698476732E+00
+112.4700E-06,+220.1005816E-03,+30.3185913897E+00
+112.5800E-06,+471.3568652E-03,+30.5698476732E+00
+112.6900E-06,+220.1005816E-03,+30.5698476732E+00
+112.8000E-06,-31.1557019E-03,+30.5698476732E+00
+112.9100E-06,+220.1005816E-03,+30.3185913897E+00
+113.0200E-06,+220.1005816E-03,+30.7206014431E+00
+113.1300E-06,+370.8543515E-03,+30.5698476732E+00
+113.2400E-06,+69.3468118E-03,+30.5698476732E+00
+113.3500E-06,+370.8543515E-03,+30.9718577266E+00
+113.4600E-06,+220.1005816E-03,+30.9718577266E+00
+113.5700E-06,+220.1005816E-03,+30.9718577266E+00
+113.6800E-06,+370.8543515E-03,+30.8713552129E+00
+113.7900E-06,+220.1005816E-03,+31.1226114964E+00
+113.9000E-06,+370.8543515E-03,+31.1226114964E+00
+114.0100E-06,+220.1005816E-03,+31.3738677800E+00
+114.1200E-06,+220.1005816E-03,+30.9718577266E+00
+114.2300E-06,+220.1005816E-03,+31.2231140101E+00
+114.3400E-06,+220.1005816E-03,+30.7206014431E+00
+114.4500E-06,-31.1557019E-03,+30.9718577266E+00
+114.5600E-06,+220.1005816E-03,+30.9718577266E+00
+114.6700E-06,+220.1005816E-03,+30.8211039567E+00
+114.7800E-06,+220.1005816E-03,+30.9718577266E+00
+114.8900E-06,-181.9094718E-03,+30.8211039567E+00
